order,list_name,name,label::english,label::somali,country,area,region,media::image::english,media::image::somali
1,age,age15_17,Age 15-17,Da’ada 15-17 sano jir.,,,,,
2,age,age18_40,Age 18-40,Da’ada 18-40 sano jir.,,,,,
3,age,age41_59,Age 41-59,Da’ada 41-59 sano jir.,,,,,
4,age,age60,Age 60 or more,60 sano jir iyo ka weyn,,,,,
5,breadwinner ,eldery_male,Adult male (aged 60 +) ,Rag 60 sano jir ah ama kaweyn,,,,,
6,breadwinner ,eldery_female,Adult female (aged 60 +) ,Haween 60 sano jir ah ama kaweyn,,,,,
7,breadwinner ,adult_male,Adult male (aged 18 to 59) ,Rag da’adoodu tahay 18 ilaa  59 sano.,,,,,
8,breadwinner ,adult_female,Adult female (aged 18 to 59) ,Haween da’adoodu tahay 18 ilaa 59 sano.,,,,,
9,breadwinner ,male_14_17,Male child (aged 14-17),Wiil da’adiisu tahay 14 ilaa 17 sano,,,,,
10,breadwinner ,female_14_17,Female child (aged 14-17),Gabar da’adeedu tahay 14 ilaa 17 sano,,,,,
11,breadwinner ,male_13,Male child (aged 13 or below),Wiil da’diisu tahay 13 ama wax ka yar,,,,,
12,breadwinner ,female_13,Female child (aged 13 or below),Gabar da’deedu tahay 13 ama wax ka yar,,,,,
13,separation_reasons,flood,Flood,Fatahaad,,,,,
14,separation_reasons,drought,Drought,Abaar,,,,,
15,separation_reasons,conflict,Conflict,Colaad,,,,,
16,separation_reasons,other,Other,Wax kale,,,,,
,separation_reasons,dnk,Don’t know,ma garanayo,,,,,
17,number_degrees,none,Nobody (including adults),Cidna marka lagu daro dadka da’ada ah.,,,,,
18,number_degrees,one,Only one person (including adults),Hal qof ah marka lagu daro dadka da’ada ah.,,,,,
19,number_degrees,two_more,At least two persons (including adults),laba ruux ugu yaraan marka lagu daro dadka da’ada ah.,,,,,
,number_degrees,dnk,Don’t know,ma garanayo,,,,,
20,all_some_none_dnk,all,All,Dhamaan,,,,,
21,all_some_none_dnk,some,Some,qaar,,,,,
22,all_some_none_dnk,none,None,Waxba,,,,,
23,all_some_none_dnk,dnk,Don't know,Ma garanaayo,,,,,
24,time,less15,Less than 15 minutes,wax ka yar 15 daqiiqo,,,,,
25,time,16_30,From 15 minutes to 30 minutes,15 ilaa 30 daqiiqo,,,,,
26,time,31_60,From 30 minutes to 1 hour,30 daqiiqo ilaa 1 saac.,,,,,
27,time,60_180,From 1 hour to 3 hours,1 saac ilaa 3 saacadood,,,,,
28,time,above180,More than 3 hours,3 saacadood wax ka badan,,,,,
29,transport_type,walking,Walking,Socod ama lugeyn,,,,,
30,transport_type,car,Car,Gaari,,,,,
31,transport_type,bus,Bus,Bas,,,,,
32,transport_type,moto,Moto,Mooto,,,,,
33,transport_type,bicycle,Bicycle,Baaskiil,,,,,
34,transport_type,cart,Cart,Kareeto/Gaari dameer ,,,,,
35,drop_out_choices,drought,Drought,Abaar,,,,,
36,drop_out_choices,conflict,Conflict,Colaad,,,,,
37,drop_out_choices,work_hh,Work or need to support household,Shaqo ama doonayo inuu caawiyo qoyska.,,,,,
38,drop_out_choices,chores_hh,Household obligations or chores,Masuuliyada guriga ama howlaha shaqo ee guriga,,,,,
39,drop_out_choices,early_marriage,Early marriage,Yaraanta oo lagu guursado/Guurka degdega ah,,,,,
40,drop_out_choices,costs,Prohibitive cost,Qiimo sare ,,,,,
41,drop_out_choices,other,Other,Wax kale,,,,,
42,school_barriers,no_school,There is no school,Iskuul malahan,,,,,
43,school_barriers,not_functioning,"School stopped functioning and is now closed (Occupied by armed forces, partially damaged, totally damaged, occupied by displaced persons, lack of students)","Iskuulka ma shaqeynaayo waana la xirey hada(ciidama hubeysan ayaa dagan,qayb ayuu ka burbursanyahay ama gabi ahaanba wuu burburay,wax arday ahna majoogaan.",,,,,
44,school_barriers,not_safe_to_go,"Unsafe to travel or go to school, fear of recruitment in/on way to school, fear of abduction in/on way to school)","bad qab maahan aaditaanka iskuulka waxaan ka baqayaa in si sharci darro ah la igu askareeyo, inta aan sii socdo ama la I afduubto.",,,,,
45,school_barriers,not_safe_there,"fear of violence against children at school (corporal punishment, harassment by teachers and other students, bullying, etc.)",Rabshad caruurta ka dhan ah ayaan ka baqayaa ama ciqaabo macalimiinta iyo caruurta kale ka timaada.,,,,,
46,school_barriers,fees,"Cannot afford to pay for the school fees (e.g. school supplies, tuition, textbook, food, uniforms, etc.)","Ma awoodo bixinta lacagta iskuulka sida agabka iskuula loo isticmaalo,buugta,cuntada,dharka iskuulka",,,,,
47,school_barriers,fees_transport,cannot afford to pay for transport,Ma awoodo bixinta lacagta gaadiidka.,,,,,
48,school_barriers,displaced,"recently or continuous movement to different locations, newly arrived at location and have yet to enrol/register",U socdaalidda goobo kala duwan  si joogta ah ama imaanshaha goob cusub oo wali aanan iska diiwaan galin.,,,,,
49,school_barriers,discrimination_enroll,unable to enrol school due to discrimination,Iskuulka ma tagi karno sababa la xiriira faquuq.,,,,,
50,school_barriers,poor_performance,poor performance/dismissed,Ardayga oo wax barashiida ku liita/Eryid ,,,,,
51,school_barriers,registration,Inability to register or enrol children in the school (Lack of documentation to enrol child,Ma awoodno inaan caruurta iskuulada ka diiwaan galino sababta oo ah aqoonsi mahaystaan.,,,,,
52,school_barriers,cannot_go,"Children cannot physically go to the school (Disability (of child), traumatization (of child), school is too far away, no transport available to bring to school, no fuel available to bring to school, child ill, disabled or unhealthy, child is too young)","Caruurta iskuulada ma aadi karaan sababo la xiriira muuqaalkooda, sida curyaanimo,xanuun maskaxiyan ah,iskuulkii oo ka fog, inaaysan heli karin gaadiid iskuulka geeyo,   shidaal malahan iskuulka lagu geeyo,Canugii oo xanuunsanaayo awgeed ama aanan caafimaad qabin.",,,,,
53,school_barriers,overcrowded,School and classes are overcrowded,iskuulka iyo fasalada waay buuxdhafeen.,,,,,
54,school_barriers,lack_teachers,"Lack of staff to run the school (Lack of teachers, lack of skilled/trained teachers, lack of gender appropriate teachers/staff)","Iskuulka oo  aanan lahayn shaqaala,sida macalimiinta ama macalimiin  tababaran iyo ragii iyo dumarkii oo aanan isu dheeli tirnayn.",,,,,
55,school_barriers,poor_infrastrcture,"School is in poor condition (e.g. lack of furniture, no electricity, water leaks, poor latrines, poor amenities, etc.)","Iskuulka oo marxalad liidato kujira sida agab la,aan,Koronta la,aan,biyo daadasho,musqul xumo, adeegyadii kale oo aanan jirin.",,,,,
56,school_barriers,wash,WASH facilities are in poor conditions,Xarrumaha biyaha iyo fayadhowrka oo aad u liito.,,,,,
57,school_barriers,wash_gender,WASH facilities are not separated by gender,Xarrumaha biyaha iyo fayadhowrka oo aanan u kala saarnayn rag iyo dumar.,,,,,
58,school_barriers,curriculum,The curriculum and teaching are not adapted for children (curriculum is not appropriate; language is not appropriate),Manhajka iyo baristiisa/dhigistiisa oo caruurtii aaysan la qabsanaynin(manhajka oo aanan habooneyn iyo luuqada oo aanan habooneyn sidoo kale.,,,,,
59,school_barriers,chores,Children are busy working or supporting the household,Caruurta shaqo ayeey ku mashquulsanyihiin misana caawinta guriga.,,,,,
60,school_barriers,parents,Parental refusal to send children to school,Waalidiinta oo diidan caruurta inaay iskuulka udiraan.,,,,,
61,school_barriers,no_interest,Lack of interest of children in education,Caruurta oo waxbarashada aanan daneynaynin.,,,,,
62,school_barriers,none,None,waxba,,,,,
63,school_barriers,other,Other,wax kale,,,,,
64,cashforeducation,dont_want_support,Do not want support,Ma doonaayo caawimaad.,,,,,
65,cashforeducation,cash_fees,Cash for school fees,Lacagta cadaana oo iskuulka lagu bixiyo,,,,,
66,cashforeducation,cash_supplies,"Cash for school supplies (bags, pencils)",Lacag cadaana oo aan kuso iibsado (agabka iskuulka lagu iibiyo sida boorsooyinka iyo qalimaanta),,,,,
67,cashforeducation,cash_textbooks,Cash for text books,Lacagta buugaagta  ,,,,,
68,cashforeducation,cash_transport,Cash for transportation to school,lacagta gaadiidka iskuulka ,,,,,
69,cashforeducation,cash_food,Cash for children’s food,lacagta cuntada caruurta ,,,,,
70,cashforeducation,direct_supplies,"Direct provision of school supplies (bags, pencils)",Si toos ah oo agabka iskuulka loo keeno sida boorsooyinka iyo qalimaanta.,,,,,
71,cashforeducation,direct_textbooks,Direct provision of text books,Bugaagta manhajka oo ardayda loo qaybiyo ,,,,,
72,cashforeducation,direct_uniform,Direct provision of school uniforms,Labiska/dresska iskuulka oo ardayda loo qaybiyo ,,,,,
73,cashforeducation,service_transport,Transportation to school,gaadiidka iskuulka lagu aado,,,,,
74,cashforeducation,service_wash_food,Water and food at school / Food for education,Biyaha iyo cuntada iskuulka ama cuntada waxbarashada.,,,,,
75,cashforeducation,service_health,Healthcare at school,Daryeel caafimaad oo iskuulka ah,,,,,
76,cashforeducation,service_access_disa,Increased access for disabled children,Sare u qaadida helitaanka wax barashada ee caruurta naafada ah. ,,,,,
77,cashforeducation,service_access_mino,Increased access for minority groups,Sare u qaadida helitaanka wax barashada ee dadka laga tirada badan yahay ,,,,,
78,cashforeducation,other,Other – specify,wax kale,,,,,
79,cashforeducation,no_reply,No response,jawaab malahan,,,,,
80,cashforeducation,dnk,Don't know,ma garanaayo,,,,,
,cashforeducation,cash_classroom_extention,Extension of the classrooms,,,,,,
,cashforeducation,cash_hire_teachers,Increase the number of teachers,,,,,,
,cashforeducation,cash_school_contruction,Build a school,,,,,,
81,child_condition,malaria,Malaria,Duumo/Malaariyo,,,,,
82,child_condition,fever,Fever,Xumad/qandho,,,,,
83,child_condition,awd,Acute Watery Diarrhoea (3 or more liqid stools),Shuban biyood.,,,,,
84,child_condition,respiratory_problems,Respiratory problems,dhibaato xaga neefsashada ah.,,,,,
85,child_condition,malnutrition,Malnutrition (diagnosed by health or nutrition center),Nafaqa daro.,,,,,
86,child_condition,other,Other,wax kale,,,,,
87,child_condition,dnk,Don't know,ma garanaayo,,,,,
88,child_condition,none,None,waxba,,,,,
89,adult_condition,malaria,Malaria,Duumo/Malaariyo,,,,,
90,adult_condition,fever,Fever,xumad/qandho,,,,,
91,adult_condition,awd,Acute Watery Diarrhoea (3 or more liqid stools),shuban biyood,,,,,
92,adult_condition,respiratory_problems,Respiratory problems,dhibaato xaga neefsashada ah.,,,,,
93,adult_condition,malnutrition,Malnutrition (diagnosed by health or nutrition center),Nafaqa daro.,,,,,
94,adult_condition,gastrointestinal,Gastrointestinal Problems,Dhibaato  xaga uur kujirta ah.,,,,,
95,adult_condition,other,Other,wax kale,,,,,
96,adult_condition,dnk,Don't know,ma garanaayo,,,,,
97,adult_condition,none,None,waxba,,,,,
98,barriers_vaccination,no_center,There is no center nor vaccination campaign,xarun malahan iyo olola talaalka midna.,,,,,
99,barriers_vaccination,too_far,The center/vaccination campaign location is too far,xarunta iyo meesha ololaha talaalka waay fogtahay,,,,,
100,barriers_vaccination,too_dangerous,Too dangerous to access the center/vaccination campaign location,aad baay qatar u tahay in la tago xarunta ama goobta ololaha talaalka uu ka socdo.,,,,,
101,barriers_vaccination,ran_out,The center/vaccination campaign location run out of vaccines,xarunta iyo goobta ololaha talaalka uu ka socdo wax daawa ah malahan,,,,,
102,barriers_vaccination,open_hours,The opening hours of the center/vaccination campaign location are not convenient,xiliga aay furantahay xarunta/goobta ololaha talaalka waqti ku haboon ma’ahan.,,,,,
103,barriers_vaccination,dont_believe,Don't want to vaccinate the children,ma doonaayo inaan talaalo caruurta.,,,,,
104,barriers_vaccination,dnk,Don’t know,ma garanaayo,,,,,
105,barriers_vaccination,other,Other – specify,wax kale-qeex,,,,,
106,barriers_vaccination,none,None,waxba,,,,,
107,birth_location,health_center,Health center / Hospital,xarun caafimaad/isbitaal.,,,,,
108,birth_location,home,At home,xaafada/guriga,,,,,
109,birth_location,traditional,Traditional birth attendent house/center,xarunta umulisa dhaqameedka.,,,,,
110,birth_location,no_birth,There was no birth last year,wax dhashay majirin sanadkii nasoo dhaafay,,,,,
111,birth_location,dnk,Don’t know,ma garanaayo,,,,,
112,birth_location,other,Other – specify,wax kale-qeex,,,,,
113,usd_price,usd_0_9,Less than $10,wax ka yar 10 dolar,,,,,
114,usd_price,usd_10_50,$10-$50,$10 ilaa $50 dolar,,,,,
115,usd_price,usd_50_100,$50-$100,$50 ilaa $100 dolar,,,,,
116,usd_price,usd_more_100,More than $100,wax ka badan $100 dolar,,,,,
117,usd_price,dnk,Don’t know,ma garanaayo,,,,,
118,usd_price_education,usd_0_9,Less than $10 per month,wax ka yar $10 dolar bishii,,,,,
119,usd_price_education,usd_10_50,$10-$50 per month,$10 ilaa $50 dolar bishii,,,,,
120,usd_price_education,usd_50_100,$50-$100 per month,$50 ilaa $100 dolar bishii,,,,,
121,usd_price_education,usd_more_100,More than $100 per month,wax ka badan $100 dolar,,,,,
122,usd_price_education,dnk,Don’t know,ma garanaayo,,,,,
123,health_barriers,never_there,There were never any health facilities nearby,wax goob caafimaad ah oo dhaw majiraan,,,,,
124,health_barriers,cant_afford,We can't afford to use the facility,ma awoodno inaan isticmaalno adeega goobta.,,,,,
125,health_barriers,facility_too_far,The facility is too far away,Goobta caafimaadka waay naga fogtahay.,,,,,
126,health_barriers,inaccessible_insecurity,The facility is inaccessible due to insecurity,Goobta caafimaadka ma tagi kareyno sababa la xiriira amni daro awgeed.,,,,,
127,health_barriers,no_health_workers,Not enough staff,shaqaala ku filan malahan,,,,,
128,health_barriers,no_medicine,Facility has no or low quality medical supplies and/or medicines,Goobta daawo malahan ama daawo tayadeeda liidato ayaa laga helaa.,,,,,
129,health_barriers,not_accessible_disable,Inaccessible to disabled persons,Dadka curyaanka ahi ma tagi karaan.,,,,,
130,health_barriers,not_accessible_minority,Inaccessible to minority groups/clans,dadka la hayb sooco matagi karaan.,,,,,
131,health_barriers,staff_unqualified,Staff not qualified,shaqaalaha xirfad malahan,,,,,
132,health_barriers,not_specialised,Facilities not specialised for type of treatment sought,Goobta makala soocno taqasus ahaan.,,,,,
133,health_barriers,not_male_female,Not enough female/male healthcare workers for female/male patients,malahan rag/dumar ku filan oo ukala adeego raga iyo dumarkaba.,,,,,
134,health_barriers,not_functional_flood,Health facility is not functional due to flooding,Goobta caafimaad ma shaqeynayso sababa la xiriira fatahaad dhacday awgeed.,,,,,
135,health_barriers,unaware,Unaware that facilities are available,ma aanan ogeyn goobtaa caafimaad inaay jirto.,,,,,
136,health_barriers,not_functional_other,Health facility is not functional for another reason,Goobta caafimaad ma shaqeynayso sababa kale awgood.,,,,,
137,health_barriers,none,None,waxba,,,,,
138,health_barriers,other,Other – specify,wax kale-qeex,,,,,
,health_barriers,children_above_5years ,Children are above 5 years old,,,,,,
,health_barriers,dont_believe,Don't believe in vaccination,,,,,,
,health_barriers,dnk,Don't know,,,,,,
139,health_facility_type,government_clinic,Government clinic or hospital,Xarun caafimaad oo dowladu ledahay/isbitaal.,,,,,
140,health_facility_type,private_clinic,Private clinic or hospital,xarun gaar loo leeyahay/isbitaal,,,,,
141,health_facility_type,ngo_clinic,NGO run clinic or hospital,xarun uu NGO leyahay ama isbitaal.,,,,,
142,health_facility_type,traditional_midwife,Traditional mid-wife,umuliso dhaqameed,,,,,
143,health_facility_type,traditional_healer,Traditional healer,qof hab dhaqameed u daaweeyo,,,,,
144,health_facility_type,pharmacy,Pharmacy,Farmashi,,,,,
145,health_facility_type,shop_drugs,Shop selling medication,dukaan daawa lagu iibiyo,,,,,
146,health_facility_type,other,Other,wax kale,,,,,
147,cash_health,cash_medicine,Cash for medicines,lacagta daawada oo cadaan ah,,,,,
148,cash_health,cash_doctor_fee,Cash for doctor’s fees,Lacagta daqaatiirta oo cadaan ah,,,,,
149,cash_health,direct_medicine,Direct provision (Medicines),si toos ah daawada oo loo keeno,,,,,
150,cash_health,service_transport,Transport to facilities,Gaadiidka goobta aadaayo,,,,,
151,cash_health,service_hw_facility,More qualified healthcare workers at facilities,shaqaala badan oo xirfad leh ayaa jooga.,,,,,
152,cash_health,service_hw_mobile,More qualified healthcare workers for home-visits,shaqaala badan oo xirfad leh ayaa guryaha noogu yimaado.,,,,,
153,cash_health,service_access_disa,Increased access for physically disabled persons,Waxa kor u kacay adeega dadka naafada ah.,,,,,
154,cash_health,service_access_menta,Increased services for mentally disabled persons,Sare u qaadida adeegyada dadka dhimirka ka jiran  ,,,,,
155,cash_health,service_khat,Increased services for addictions and consumption of khat,Sare u qaadida adeegyada dadka la qabatimay cunista qaadka ,,,,,
156,cash_health,service_plw,Increased services for pregnant or lactating women,Sare u qaadida haweenka uurka leh iyo kuwa nuujinaayo,,,,,
157,cash_health,service_access_minority,Increased access for minority groups/clans,Sare u qaadida adeega dadka laga tirade badan yahay ,,,,,
158,cash_health,infrastructure,"Infrastructure provision (More healthcare facilities, Near healthcare facilities)",Samaynta goobo caafimaad ( goobo caafimaad oo badan una dhow dadka),,,,,
159,cash_health,other,Other – specify,wax kale-qeex,,,,,
160,cash_health,dont_want_support,Do not want support,ma doonaayo caawimaad.,,,,,
161,cash_vaccination,cash_vaccine,Cash for vaccines,lacagta talaalka,,,,,
162,cash_vaccination,cash_fees,Cash for doctor’s fees,lacagta dhaqaatiirta,,,,,
163,cash_vaccination,direct,Direct provision (Vaccines),si toos ah ayaa talaalka loo keenaa,,,,,
164,cash_vaccination,service_transport,Transport to facilities,Gaadiidka ilaa goobta,,,,,
165,cash_vaccination,service_hw_facility,More qualified healthcare workers at facilities,shaqaala badan oo xirfadla yaal ah ayaa jooga goobta.,,,,,
166,cash_vaccination,service_hw_mobile,More qualified healthcare workers for home-visits,shaqaala badan oo xirfadla yaal ah ayaa guryaha inagu soo booqdo,,,,,
167,cash_vaccination,service_access_disa,Increased access for physically disabled persons,Sare u qaadida helitaanka adeega dadka naafada ah.,,,,,
168,cash_vaccination,service_home_visit,Home visits for vaccinations,Guryaha ayaa talaalka la iskugu keenaa.,,,,,
169,cash_vaccination,service_access_minority,Increased access for minority groups/clans,dadka la hayb sooca oo tagitaankooda goobta sare u kacay.,,,,,
170,cash_vaccination,infrastructure,"Infrastructure provision (More healthcare facilities, Near healthcare facilities)",Samaynta goobo caafimaad ( goobo caafimaad oo badan una dhow dadka),,,,,
171,cash_vaccination,other,Other – specify,wax kale,,,,,
172,cash_vaccination,dont_want_support,Do not want support,ma doonaayo caawimaad.,,,,,
173,change_price,increased,Increased,kordhay,,,,,
174,change_price,no_change,Stay the same,isla sidii hore,,,,,
175,change_price,decreased,Decreased,hoos u dhacay,,,,,
176,change_price,dnk,Don’t know,ma garanayo,,,,,
177,care_giving_time,less_1h,Less than 1hour/day,in kayar saacad maalinkii,,,,,
178,care_giving_time,1h_2h,Between 1 and 2 hours/day,1 ilaa 2 saac maalinkii,,,,,
179,care_giving_time,2h_3h,Between 2 and 3 hours/day,2 ilaa 3 saac maalinkii,,,,,
180,care_giving_time,3h_4h,Between 3 and 4 hours/day,3 ilaa 4 saac maalinkii,,,,,
181,care_giving_time,4hmore,More than 4 hours/day,in ka badan 4 saac maalinkii,,,,,
,care_giving_time,dnk,Don’t know,ma garanayo,,,,,
182,income_average,none,None,midnaba,,,,,
183,income_average,less30,Less than 30$/month,in kayar 30$ bishii,,,,,
184,income_average,31_60,Between 31-60$/month,31$ ilaa 60$ bishii,,,,,
185,income_average,61_100,Between 61-100$/month,61$ ilaa 100$ bishii,,,,,
186,income_average,101_150,Between 101-150$/month,101$ ilaa 150$ bishii,,,,,
187,income_average,151_200,Between 151-200$/month,151$ ilaa 200$ bishii,,,,,
188,income_average,200more,Greater than 200$/month,in ka badan 200$ bishii,,,,,
189,income_average,dnk,Don’t know,ma garanayo,,,,,
190,source_food,purchased,Purchased,soo iibsaney,,,,,
191,source_food,cultivated,Cultivated,soo goosanay,,", ",,,
192,source_food,livestock,Own livestock,xoolaha nool,,,,,
193,source_food,fishing,Fishing,kalluumaysi,,,,,
194,source_food,foraging,Foraging,Qaraabasho ,,,,,
195,source_food,hunting,Hunting,ugaarsi,,,,,
196,source_food,barter,Barter,badeeco isdhaafsi,,,,,
197,source_food,familyfriends,Family Friends,saaxiibbada qoyska,,,,,
198,source_food,NGO_aid,Ngo Aid,"gargaar hay,ad",,,,,
199,source_food,government_aid,Government Aid,gargaar dowladeed,,,,,
200,source_food,other,Other,wax kale,,,,,
201,time_cereal,less_day,Less than 1 day,in kayar maalin,,,,,
202,time_cereal,2_4,Between 2-4 days,2 ilaa 4 saac maalinkii,,,,,
203,time_cereal,5_7,Between 5-7 days,5 ilaa 7 saac maalinkii,,,,,
204,time_cereal,8_10,Between 8-10 days,8 ilaa 10 saac maalinkii,,,,,
205,time_cereal,10more,More than 10 days,in ka badan 10 saac maalinkii,,,,,
,time_cereal,dnk,Don’t know,ma garanayo,,,,,
206,average_spent,less10,Less than $10/month,in kayar 10$ bishii,,,,,
207,average_spent,11_20,$11-$20/month,11$ ilaa 20$ bishii,,,,,
208,average_spent,21_30,$21-$30/month,21$ ilaa 30$ bishii,,,,,
209,average_spent,31_40,$31-$40/month,31$ ilaa 40$ bishii,,,,,
210,average_spent,41_50,$41-$50/month,41$ ilaa 50$ bishii,,,,,
211,average_spent,51_60,$51-$60/month,51$ ilaa 60$ bishii,,,,,
212,average_spent,61_70,$61-$70/month,61$ ilaa 70$ bishii,,,,,
213,average_spent,71_80,$71-$80/month,71$ ilaa 80$ bishii,,,,,
214,average_spent,81_90,$81-$90/month,81$ ilaa 90$ bishii,,,,,
215,average_spent,91_100,$91-$100/month,91$ ilaa 100$ bishii,,,,,
216,average_spent,100more,$100+/month,100$ iyo wax kasii badan bishii,,,,,
,average_spent,dnk,Don’t know,ma garanayo,,,,,
217,inc_dec_dnk,increased,Increased,kordhay,,,,,
218,inc_dec_dnk,decreased,Decreased,hoos u dhacay,,,,,
219,inc_dec_dnk,dnk,Don’t know,ma garanayo,,,,,
,inc_dec_dnk,no_change,Stay the same,isla sidii hore,,,,,
220,food_barriers,access,"Access: (Distance to markets , Insecurity while travelling to markets, Insecurity at markets, Inconvenient distribution times at humanitarian aid centres, Lack of transportation) ","Gaaritaan: ( masaafada suuqa, amni darro u safrida suuqa, amnidarro suuqa ah, gargaarka oo aan wakhtigii ku haboonaa laga qaybin xarrumaha, gadiid la’aan)",,,,,
221,food_barriers,cost,Prohibitive cost,qarash aan laga bixikarin,,,,,
222,food_barriers,availability,"Availability: (Absence of markets for purchasing food, Absence of markets for selling livestock, agricultural produce","Helitaanka: ( Inaanay jirin suuqyo laga iibsado cunto, suuq lagu iibiyo xoolo iyo dallaga beeraha)",,,,,
223,food_barriers,capacity,"Capacity: (Lack of fuel, water, utensils for cooking)","Awood:(shidaal la,aan, biyo la,aan, agabka wax lagu karsado oo aan lahayn)",,,,,
224,food_barriers,none,None,midna lama waayin,,,,,
225,food_barriers,other,Other,wax kale,,,,,
,food_barriers,lack_job,Lack of job,Lack of job,,,,,
226,income_source,cash_farming,cash crop farming,beerasho lacag laga samaynayo,,,,,
227,income_source,cash_fishing,cash fishing,kallumaysi lacag laga samaynayo,,,,,
228,income_source,daily_labour,daily labour,shaqaale ,,,,,
229,income_source,livestock,livestock production,xoolo tabcasho,,,,,
230,income_source,business,business,ganacsi,,,,,
231,income_source,subsistence_farming_fishin,subsistence farming or fishing,beerasho ama kalluumaysi biil ahaan.,,,,,
232,income_source,contracted_job,contracted job,shaqo heshiis ah,,,,,
233,income_source,remittances,remittances,lacago lasoo diro,,,,,
234,income_source,humanitarian_assisstance,humanitarian assistance,"gargaar bani,aadanimo",,,,,
235,income_source,sale_humanitarian_assistance,sale of humanitarian assistance,"gargaarkii bani,aadanimo oon dib usii iibsanno",,,,,
236,income_source,rent,rent of land,dhul noo kiraysan,,,,,
237,income_source,none,none,midnaba,,,,,
238,income_source,other,other,wax kale,,,,,
239,lost_percent,yes_all,Yes – all,"haa, dhammaan",,,,,
240,lost_percent,yes_75,Yes more than 75%,"haa, in ka badan 75%",,,,,
241,lost_percent,yes_50,Yes more than 50%,"haa, in ka badan 50%",,,,,
242,lost_percent,yes_25,Yes more than 25%,"haa, in ka badan 25%",,,,,
243,lost_percent,no_lost,No losses,ma jiro khasaare,,,,,
,lost_percent,dnk,Don’t know,ma garanayo,,,,,
244,neg_coping_water,none,Had enough water,Waan haysanay biyo nagu filan ,,,,,
245,neg_coping_water,reduce_domestic_water,Reduce domestic water consumption,in aan hoos u dhigo biyaha xaafaddu isticmaasho,,,,,
246,neg_coping_water,seasonal_source,Rely on seasonal water sources,in aan ku tiirsanaano ilo biyo xilliyeedka,,,,,
247,neg_coping_water,children_fetch_water,Send children to fetch water,in aan carruurta u dirno biyo-dhaamin,,,,,
248,neg_coping_water,reduce_drinking_water,Reduce drinking water consumption,Inaan hoos u dhigno cabitaanka biyaha,,,,,
249,neg_coping_water,reduce_adult_cons,Adults reduce consumption so that minors can drink,dadka waawayn laga yareeyo biyaha si carruurtu u helaan.,,,,,
250,neg_coping_water,drink_unsafe_water,Drink unsafe water,in la cabbo biyo aan nadiif ahayn.,,,,,
251,neg_coping_water,borrow_mat_cash,Borrow or share materials or borrow cash,Amaahasho lacageed ama inaan la wadaagno alaabaha dadka kale,,,,,
252,neg_coping_water,adult_extra_job,Adults work extra shifts/jobs,dadka waawayn oo waqti dheeeraad ah shaqeeya,,,,,
253,neg_coping_water,extra_time_secure,Spend more time travelling/waiting (secure areas),in waqti dheeraad ah baxo safar/sugitaan (meel amni ah),,,,,
254,neg_coping_water,hum_assistance,Rely on humanitarian assistance,"ku tiirsanaan caawimaad bani,aadam",,,,,
255,neg_coping_water,use_money_other,Use money otherwise used for other purchases,in la isticmaalo lacagtii waxyaabo kale lagu iibsan lahaa,,,,,
256,neg_coping_water,sell_assets_other,Sell assets otherwise used for other purposes,In la iibiyo hantida oo siyaabo kale loo isticmaalo,,,,,
257,neg_coping_water,travel_insecure,Travel/Move to insecure or dangerous areas,in loo dhaqaaqo meel khatar ah ama aan amni ahayn.,,,,,
258,neg_coping_water,adults_beg,Adult members beg,dadka waawayn oo tuugsada/dawarsada,,,,,
259,neg_coping_water,minors_work,Minors work,dadka yaryar oo shaqeeya,,,,,
260,neg_coping_water,minors_beg,Minors beg,dadka yaryar oo tuugsada/dawarsada,,,,,
261,neg_coping_water,exploit_hum,"Sexual, economic exploitation to access humanitarian assistance",Xad gudub looga faa’idaysanayo xaga jinsiga ah iyo dhaqaalaha si loo helo caawimo ibni aadamnimo ,,,,,
262,neg_coping_sanitation,none,Had access to sanitation,Waan haysannay fayadhowr,,,,,
263,neg_coping_sanitation,share_latrines,Share facilities with other households,waxaan tasiilaadka la wadaagnay qoysaska kale,,,,,
264,neg_coping_sanitation,use_unhygienic,Use facilities which are unhygienic/not cleaned,waxaan isticmaali lahaa agab aan nadiif ahayn,,,,,
265,neg_coping_sanitation,use_insecure,Only use facilities at night or non-segregated latrines,Kaliya waxaan isticmaalnaa musqulaha habeenkii,,,,,
266,neg_coping_sanitation,open_defaecation,Open defaecation,Ku saxarooda meel bannaan ah,,,,,
267,neg_coping_sanitation,extra_time_secure,Spend more time travelling/waiting (secure areas),in waqti dheeraad ah baxo safar/sugitaan (meel amni ah),,,,,
268,neg_coping_sanitation,hum_assistance,Rely on humanitarian assistance,"ku tiirsanaan caawimaad bani,aadam",,,,,
269,neg_coping_sanitation,use_money_other,Use money otherwise used for other purchases,in la isticmaalo lacagtii waxyaabo kale lagu iibsan lahaa,,,,,
270,neg_coping_sanitation,travel_insecure,Travel/Move to insecure or dangerous areas,in loo dhaqaaqo meel khatar ah ama aan amni ahayn.,,,,,
271,neg_coping_sanitation,exploit_hum,"Sexual, economic exploitation to access humanitarian assistance",Xad gudub looga faa’idaysanayo xaga jinsiga ah iyo dhaqaalaha si loo helo caawimo ibni aadamnimo,,,,,
272,neg_coping_hygiene,none,Had access to soap or menstrual hygienic materials,Waan haysannay saabuun iyo qalabka nadaafada dumarka,,,,,
273,neg_coping_hygiene,soap_sub_cloth,Wash clothes with soap substitutes,waxaan dharka ku dhaqanaa saabuun,,,,,
274,neg_coping_hygiene,soap_sub_hands,Wash hands with soap substitutes,waxaan gacmaha ku dhaqanaa saabuun,,,,,
275,neg_coping_hygiene,soap_sub_menstrual,Wash menstrual materials with soap substitutes,Waxaan ku dhaqanaa qalabka nadaafadda dumarka saabuun ,,,,,
276,neg_coping_hygiene,wash_less,Wash hands or menstrual materials less frequently,dhaqista gacmaha iyo qalabka dumarka si aan joogto ahayn.,,,,,
277,neg_coping_hygiene,no_wash_menstrual,Do not clean/re-use menstruation materials,Aan nadiifin/ama aanan dib u isticmaalin qalabka nadaafadda dumarka.,,,,,
278,neg_coping_hygiene,no_soap_hands,Do not wash hands with soap,gacmaha kuma dhaqeen saabuun,,,,,
279,neg_coping_hygiene,bathe_latrine,Use latrines for bathing purposes,musqulaha waxaan u isticmaali lahaa qubays kaliya,,,,,
280,neg_coping_hygiene,no_use_menstrual,Do not use menstruation materials,ma isticmaaleen qalabka nadaafada dumarka ,,,,,
281,neg_coping_hygiene,no_wash_hands,Do not wash hands at all,Gabi ahaan aan dhaqin gacmaha,,,,,
282,neg_coping_hygiene,borrow_mat_cash,Borrow or share materials or borrow cash,Waxaan soo amaahanaa ama wadaagnaa agab ama lacag kaash ah ,,,,,
283,neg_coping_hygiene,adult_extra_job,Adults work extra shifts/jobs,dadka waawayn oo shaqeeyo waqtiyo dheeraad ah,,,,,
284,neg_coping_hygiene,extra_time_secure,Spend more time travelling/waiting (secure areas),in waqti dheeraad ah baxo safar/sugitaan (meel amni ah),,,,,
285,neg_coping_hygiene,hum_assistance,Rely on humanitarian assistance,"ku tiirsanaan caawimaad bani,aadam",,,,,
286,neg_coping_hygiene,use_money_other,Use money otherwise used for other purchases,in la isticmaalo lacagtii waxyaabo kale lagu iibsan lahaa,,,,,
287,neg_coping_hygiene,sell_assets_other,Sell assets otherwise used for other purposes,in laysa iibsho hantidii loona isticmaalo u jeedooyin kale,,,,,
288,neg_coping_hygiene,travel_insecure,Travel/Move to insecure or dangerous areas,in loo dhaqaaqo meel khatar ah ama aan amni ahayn.,,,,,
289,neg_coping_hygiene,adults_beg,Adult members beg,dadka waawayn oo tuugsada,,,,,
290,neg_coping_hygiene,minors_work,Minors work,dadka yaryar oo shaqeeya,,,,,
291,neg_coping_hygiene,minors_beg,Minors beg,dadka yaryar oo tuugsada/dawarsada,,,,,
292,neg_coping_hygiene,exploit_hum,"Sexual, economic exploitation to access humanitarian assistance",Xad gudub looga faa’idaysanayo xaga jinsiga ah iyo dhaqaalaha si loo helo caawimo ibni aadamnimo,,,,,
293,neg_coping_food,none,Had enough food,Waan haysanay cuno ,,,,,
294,neg_coping_food,change_food,Rely on less preferred and less expensive foods,cuntooyinka raqiiska ah ayn isticmaali lahaa,,,,,
295,neg_coping_food,borrow_food,Borrow food or rely on help from friends or relatives,cunto ayan soo amaahan lahaa ama saaxiibo iyo qaraabo ayaan iskutiirin lahaa,,,,,
296,neg_coping_food,reduce_meal_size,Limit portion size at mealtime,waxaan xadidi/yarayn lahaa xilliga cuntada,,,,,
297,neg_coping_food,reduce_adult_food_cons,Restrict consumption by adults in order for children to eat,dadka waawayn ayaan ka yarayn lahaa si carruurtu u cunaan,,,,,
298,neg_coping_food,reduce_meal_cons,Reduce number of meals eaten in a day,inta goor ee maalinkii wax la cuno ayaan hoos u dhigi lahaa,,,,,
299,neg_coping_food,borrow_mat_cash,Borrow or share materials or borrow cash,lacag caddaan ah ayaan soo amaahan lahaa ama dad kale ayaan wax la wadaagi lahaa,,,,,
300,neg_coping_food,children_relative,Sending children with relatives,carruurta ayaan dad qaraabo ah u dhiibi lahaa si ay ula noolaadaan,,,,,
301,neg_coping_food,adult_extra_job,Adults work extra shifts/jobs,dadka waawayn oo shaqeeyo waqtiyo dheeraad ah,,,,,
302,neg_coping_food,extra_time_secure,Spend more time travelling/waiting (secure areas),in waqti dheeraad ah baxo safar/sugitaan (meel amni ah),,,,,
303,neg_coping_food,hum_assistance,Rely on humanitarian assistance,"ku tiirsanaan caawimaad bani,aadam",,,,,
304,neg_coping_food,use_money_other,Use money otherwise used for other purchases,in la isticmaalo lacagtii waxyaabo kale lagu iibsan lahaa,,,,,
305,neg_coping_food,sell_assets_other,Sell assets otherwise used for other purposes,in layka iibsho hantidii loona isticmaalo u jeedooyin kale,,,,,
306,neg_coping_food,travel_insecure,Travel/Move to insecure or dangerous areas,in loo dhaqaaqo meel khatar ah ama aan amni ahayn.,,,,,
307,neg_coping_food,adults_beg,Adult members beg,dadka waawayn oo tuugsada,,,,,
308,neg_coping_food,minors_work,Minors work,dadka yaryar oo shaqeeya,,,,,
309,neg_coping_food,minors_beg,Minors beg,dadka yaryar oo tuugsada/dawarsada,,,,,
310,neg_coping_food,exploit_hum,"Sexual, economic exploitation to access humanitarian assistance",Xad gudub looga faa’idaysanayo xaga jinsiga ah iyo dhaqaalaha si loo helo caawimo ibni aadamnimo,,,,,
311,neg_coping_shelter,none,Had shelter,Hoy waan haystay ,,,,,
312,neg_coping_shelter,hosted_other,Being hosted by other households,dad kale ayaan hoyga la isticmaali lahaa,,,,,
313,neg_coping_shelter,move_shelter,Move from shelter to shelter,Marba meel ayaan u guuri lahaa,,,,,
314,neg_coping_shelter,squat,"Using empty building, school",guryaha laga guurey iyo iskuullada ayaan isticmaali lahaa,,,,,
315,neg_coping_shelter,send_children,Send children to relatives,carruurta ayaan dad qaraabo ah u dhiibi lahaa si ay ula noolaadaan,,,,,
316,neg_coping_shelter,move_settlement,Move to unplanned settlements,deegaanno aan la qorshayn ayaan u guuri lahaa,,,,,
317,neg_coping_shelter,scavenge_materials,Scavenge for construction materials,wxaan raadsan lahaa qalab dhisme,,,,,
318,neg_coping_shelter,open_air,Live in open-air conditions,meel bannaan ayaan ku noolaan lahaa,,,,,
319,neg_coping_shelter,borrow_mat_cash,Borrow or share materials or borrow cash,lacag caddaan ah ayaan soo amaahan lahaa ama dad kale ayaan wax la wadaagi lahaa,,,,,
320,neg_coping_shelter,adult_extra_job,Adults work extra shifts/jobs,dadka waawayn oo shaqeeyo waqtiyo dheeraad ah,,,,,
321,neg_coping_shelter,extra_time_secure,Spend more time travelling/waiting (secure areas),in waqti dheeraad ah baxo safar/sugitaan (meel amni ah),,,,,
322,neg_coping_shelter,hum_assistance,Rely on humanitarian assistance,"ku tiirsanaan caawimaad bani,aadam",,,,,
323,neg_coping_shelter,use_money_other,Use money otherwise used for other purchases,in la isticmaalo lacagtii waxyaabo kale lagu iibsan lahaa,,,,,
324,neg_coping_shelter,sell_assets_other,Sell assets otherwise used for other purposes,in laysa iibsho hantidii loo isticmaali lahaa u jeedooyin kale,,,,,
325,neg_coping_shelter,travel_insecure,Travel/Move to insecure or dangerous areas,in loo dhaqaaqo meel khatar ah ama aan amni ahayn.,,,,,
326,neg_coping_shelter,adults_beg,Adult members beg,dadka waawayn oo tuugsada,,,,,
327,neg_coping_shelter,minors_work,Minors work,dadka yaryar oo shaqeeya,,,,,
328,neg_coping_shelter,minors_beg,Minors beg,dadka yaryar oo tuugsada/dawarsada,,,,,
329,neg_coping_shelter,exploit_hum,"Sexual, economic exploitation to access humanitarian assistance",Xad gudub looga faa’idaysanayo xaga jinsiga ah iyo dhaqaalaha si loo helo caawimo ibni aadamnimo,,,,,
330,neg_coping_nfi,none,Had NFI,waan haystay waxyaabaha aan cuntooyinka aheyn,,,,,
331,neg_coping_nfi,scavenge_nfi,Scavenge for NFI materials,Inay raadsadaan maacuuntii lasoo isticmaalay si ay u isticmaalaan ,,,,,
332,neg_coping_nfi,borrow_mat_cash,Borrow or share materials or borrow cash,lacag caddaan ah ayaan soo amaahan lahaa ama dad kale ayaan wax la wadaagi lahaa,,,,,
333,neg_coping_nfi,adult_extra_job,Adults work extra shifts/jobs,dadka waaweyn oo shaqeeya wakhti dheeraad ah,,,,,
334,neg_coping_nfi,extra_time_secure,Spend more time travelling/waiting (secure areas),sugitaan meelo amni ah ama socdaalida wakhti badan ,,,,,
335,neg_coping_nfi,hum_assistance,Rely on humanitarian assistance,kutiirsanaanta gargaar bani'aadamnimada,,,,,
336,neg_coping_nfi,use_money_other,Use money otherwise used for other purchases,isticmaal lacag hadii kale in loo isticmaalo iibsasho waxyaabo kale ,,,,,
337,neg_coping_nfi,sell_assets_other,Sell assets otherwise used for other purposes,iibin hanti hadii kale in loo isticmaalo ujeedooyin kale ,,,,,
338,neg_coping_nfi,travel_insecure,Travel/Move to insecure or dangerous areas,u safrida ama aadita meelo halis ah ama amni aheyn,,,,,
339,neg_coping_nfi,adults_beg,Adult members beg,dadka waaweeyn oo tuuksado,,,,,
340,neg_coping_nfi,minors_work,Minors work,carruurta oo shaqeeysa,,,,,
341,neg_coping_nfi,minors_beg,Minors beg,carruurta oo tuuksato,,,,,
342,neg_coping_nfi,exploit_hum,"Sexual, economic exploitation to access humanitarian assistance",Xad gudub looga faa’idaysanayo xaga jinsiga ah iyo dhaqaalaha si loo helo caawimo ibni aadamnimo,,,,,
343,neg_coping_education,none,Had access to education,waan helay waxbarasha ,,,,,
344,neg_coping_education,peer_learning,Peer learning,wax labarashada ardeyda,,,,,
345,neg_coping_education,part_time_school,Part-time schooling,barashada wakhti gaar ah,,,,,
346,neg_coping_education,home_school,Home schooling,waxkubarashada guriga,,,,,
347,neg_coping_education,borrow_mat_cash,Borrow or share materials or borrow cash,wadaagita qalabka ama amaahda lacag cadaan ah,,,,,
348,neg_coping_education,adult_extra_job,Adults work extra shifts/jobs,dadka waaweyn oo shaqeeya wakhti dheeraad ah,,,,,
349,neg_coping_education,extra_time_secure,Spend more time travelling/waiting (secure areas),sugitaan meelo amni ah ama socdaalida wakhti badan ,,,,,
350,neg_coping_education,hum_assistance,Rely on humanitarian assistance,kutiirsanaanta gargaar bani'aadamnimada,,,,,
351,neg_coping_education,use_money_other,Use money otherwise used for other purchases,isticmaal lacag hadii kale in loo isticmaalo iibsasho waxyaabo kale ,,,,,
352,neg_coping_education,sell_assets_other,Sell assets otherwise used for other purposes,iibin hanti hadii kale loona isticmaalo ujeedooyin kale ,,,,,
353,neg_coping_education,travel_insecure,Travel/Move to insecure or dangerous areas,u safrida ama aadita meelo halis ah ama amni aheyn,,,,,
354,neg_coping_education,adults_beg,Adult members beg,dadka waaweeyn oo tuuksado,,,,,
355,neg_coping_education,minors_work,Minors work,carruurta oo shaqeeysa,,,,,
356,neg_coping_education,minors_beg,Minors beg,carruurta oo tuuksato,,,,,
357,neg_coping_education,exploit_hum,"Sexual, economic exploitation to access humanitarian assistance",Xad gudub looga faa’idaysanayo xaga jinsiga ah iyo dhaqaalaha si loo helo caawimo ibni aadamnimo,,,,,
358,neg_coping_health,none,Had access to healthcare,Waan haystay daryeel caafimaad,,,,,
359,neg_coping_health,self_medicate,Self-medicate,isdaaweyn shaqsi,,,,,
360,neg_coping_health,unqualified_treatment,Seek treatment or service from unqualified workers,raadsi daaweeyn ama adeeg aay bixiyaan shaqaale aan kuhabooneyn,,,,,
361,neg_coping_health,no_treatment,Do not seek treatment or healthcare when sick,ma raadsado daaweyn ama adeeg caafimaad markaan jirranahy/xanuunsanahy,,,,,
362,neg_coping_health,borrow_mat_cash,Borrow or share materials or borrow cash,wadaagita qalabka ama amaahda lacag cadaan ah,,,,,
363,neg_coping_health,adult_extra_job,Adults work extra shifts/jobs,dadka waaweyn oo shaqeeya wakhti dheeraad ah,,,,,
364,neg_coping_health,extra_time_secure,Spend more time travelling/waiting (secure areas),sugitaan meelo amni ah ama socdaalida wakhti badan ,,,,,
365,neg_coping_health,hum_assistance,Rely on humanitarian assistance,kutiirsanaanta gargaar bani'aadamnimada,,,,,
366,neg_coping_health,use_money_other,Use money otherwise used for other purchases,isticmaal lacag hadii kale in loo isticmaalo iibsasho waxyaabo kale ,,,,,
367,neg_coping_health,sell_assets_other,Sell assets otherwise used for other purposes,iibin hanti hadii kale in loo isticmaalo ujeedooyin kale ,,,,,
368,neg_coping_health,travel_insecure,Travel/Move to insecure or dangerous areas,u safrida ama aadita meelo halis ah ama amni aheyn,,,,,
369,neg_coping_health,adults_beg,Adult members beg,dadka waaweeyn oo tuuksado,,,,,
370,neg_coping_health,minors_work,Minors work,carruurta oo shaqeeysa,,,,,
371,neg_coping_health,minors_beg,Minors beg,carruurta oo tuuksato,,,,,
372,neg_coping_health,exploit_hum,"Sexual, economic exploitation to access humanitarian assistance",Xad gudub looga faa’idaysanayo xaga jinsiga ah iyo dhaqaalaha si loo helo caawimo ibni aadamnimo,,,,,
373,neg_coping_general,none,Had enough resources or access to basic services,waxaan lahaa dhaqaale igu fillan ama waxaan heli karyay adeega aasaasiga ah,,,,,
374,neg_coping_general,borrow_mat_cash,Borrow or share materials or borrow cash,wadaagita qalabka ama amaahda lacag cadaan ah,,,,,
375,neg_coping_general,adult_extra_job,Adults work extra shifts/jobs,dadka waaweyn oo shaqeeya wakhti dheeraad ah,,,,,
376,neg_coping_general,extra_time_secure,Spend more time travelling/waiting (secure areas),sugitaan meelo amni ah ama socdaalida wakhti badan ,,,,,
377,neg_coping_general,hum_assistance,Rely on humanitarian assistance,kutiirsanaanta gargaar bani'aadamnimada,,,,,
378,neg_coping_general,use_money_other,Use money otherwise used for other purchases,isticmaal lacag hadii kale in loo isticmaalo iibsasho waxyaabo kale ,,,,,
379,neg_coping_general,sell_assets_other,Sell assets otherwise used for other purposes,iibin hanti hadii kale loona isticmaalo ujeedooyin kale ,,,,,
380,neg_coping_general,travel_insecure,Travel/Move to insecure or dangerous areas,u safrida ama aadita meelo halis ah ama amni aheyn,,,,,
381,neg_coping_general,adults_beg,Adult members beg,dadka waaweeyn oo tuuksado,,,,,
382,neg_coping_general,minors_work,Minors work,carruurta oo shaqeeysa,,,,,
383,neg_coping_general,minors_beg,Minors beg,carruurta oo tuuksato,,,,,
384,neg_coping_general,exploit_hum,"Sexual, economic exploitation to access humanitarian assistance",Xad gudub looga faa’idaysanayo xaga jinsiga ah iyo dhaqaalaha si loo helo caawimo ibni aadamnimo,,,,,
385,barrier_hum_aid,barrier_info,Not enough information,Majirin macluumaad kufilan,,,,,
386,barrier_hum_aid,barrier_physical,Cannot physically access points of humanitarian aid distribution,maanan tagi karin goobaha lagu qeybiyo mucaawanada baniaadanimada ,,,,,
387,barrier_hum_aid,barrier_sec_route,Insecurity on the way to humanitarian aid distribution,Amni darro wadata loo aado goobaha qeybinta mucaawanada baniaadanimada ,,,,,
388,barrier_hum_aid,barrier_sec_point,Insecurity at points of humanitarian aid distribution,Amni daaro goobaha lagu qeybiyo mucaawanada baniaadanimada ,,,,,
389,barrier_hum_aid,barrier_excluded,Camp manager has excluded the respondents from aid.,Maareeyaha xerrada ayaa naga reebay mucaawanada,,,,,
390,male_unsafe,shelters,In shelters,Guryaha,,,,,
391,male_unsafe,leaving_settlement,When leaving settlement/town,marka lagabaxaayo deegaanka ama magaalada ,,,,,
392,male_unsafe,water_points,Water points,goobaha biyaha,,,,,
393,male_unsafe,latrines,Latrines,Musqulaha/suulooyinka ,,,,,
394,male_unsafe,bathing,Bathing areas,aaga/goobaha qubeyska ,,,,,
395,male_unsafe,markets,Markets,suuqyada,,,,,
396,male_unsafe,schools,Schools,iskuulada ,,,,,
397,male_unsafe,health_centre,Health centres,goobaha/xarumaha caafimaadka ,,,,,
398,male_unsafe,feeding_centre,Feeding centres,xarumaha quudinta,,,,,
399,male_unsafe,aid_distribution_pt,Humanitarian aid distribution points,goobaha qeeybinta mucaawinada baniaadanimo,,,,,
400,male_unsafe,choose_no_answer,Choose not to answer,doortay inaan kajawaabin,,,,,
401,male_unsafe,other,Other ,wax kale ,,,,,
402,female_unsafe,shelters,In shelters,Guryaha,,,,,
403,female_unsafe,leaving_settlement,When leaving settlement/town,marka lagabaxaayo deegaanka ama magaalada ,,,,,
404,female_unsafe,water_points,Water points,goobaha biyaha,,,,,
405,female_unsafe,latrines,Latrines,Musqulaha/suulooyinka ,,,,,
406,female_unsafe,bathing,Bathing areas,aaga/goobaha qubeyska ,,,,,
407,female_unsafe,markets,Markets,suuqyada,,,,,
408,female_unsafe,schools,Schools,iskuulada ,,,,,
409,female_unsafe,health_centre,Health centres,goobaha/xarumaha caafimaadka ,,,,,
410,female_unsafe,feeding_centre,Feeding centres,xarumaha quudinta,,,,,
411,female_unsafe,aid_distribution_pt,Humanitarian aid distribution points,goobaha qeeybinta mucaawinada baniaadanimo,,,,,
412,female_unsafe,choose_no_answer,Choose not to answer,doortay inaan kajawaabin,,,,,
413,female_unsafe,other,Other ,wax kale ,,,,,
414,age_gender,f_u_18,Female below 18 years,haweeneey kahooseeysa 18 sano,,,,,
415,age_gender,f_a_18,Female above 18 years,haweeneey kasareeysa 18 sano,,,,,
416,age_gender,m_u_18,Male below 18 years,nin kahooseeya 18 sano,,,,,
417,age_gender,m_a_18,Male above 18 years,nin kasareeya 18 sano,,,,,
418,separation,with_family,Staying with relatives,lanool/lajooga qaraabo,,,,,
419,separation,flood,Flood,fatahaad/daad,,,,,
420,separation,drought,Drought,abaar,,,,,
421,separation,conflict,Conflict,isku dhac/ismaandhaaf/khilaaf,,,,,
422,separation,missing,Missing (no reason),"sabab laan la,layahay",,,,,
423,separation,abducted,Abducted,la afduubtay,,,,,
424,separation,vol_armed_rec,Voluntarily joined armed groups,si iskaa ah ugu biiray kooxa hubeeysan,,,,,
425,separation,forced_armed_rec,Forcibly joined armed groups,si khasab ah ugu biiray kooxa hubeeysan,,,,,
426,separation,detention,Detained (no reason),"Loo xiray saba la,aan",,,,,
427,separation,left_study,Left house to study,ugu tagay guriga si wax u barto/barato,,,,,
428,separation,left_work,Left house to work,ugu tagay guriga si u shaqeeyo/shaqeeyso,,,,,
429,separation,early_marriage,Early marriage,guurga degdega ah,,,,,
,separation,dnk,Don’t know,ma garanayo,,,,,
430,never_som_always,never,Never worried,waligeey mawalbahaarin/mawalwalin,,,,,
431,never_som_always,sometimes,Sometimes worried,mararka qaar walbahaaray,,,,,
432,never_som_always,always,Always worried,marwaliba walbahaaray,,,,,
433,sgbv_recourse,comm_leader,Community leader,hoggamiyaha bulshada,,,,,
434,sgbv_recourse,comm_elders,Community elders,odayaasha bulshada,,,,,
435,sgbv_recourse,health_centre,Health centre,xarrun caafimaaad ,,,,,
436,sgbv_recourse,UN_NGO,UN or NGO agency,"hey,adaha calaamiga ama kuwa qaramada midoobay",,,,,
437,sgbv_recourse,police,Police,booliska ,,,,,
438,sgbv_recourse,armed_group,Armed group,koox hubeysan,,,,,
439,sgbv_recourse,none,No where to report,majirto meel lagu wargeliyo ,,,,,
440,sgbv_recourse,no_report,Would not report it,masheegeyno ama ma wargelineeyno,,,,,
441,sgbv_recourse,dk_na,Don't know/Don't want to answer,magaraayo/marabo inaan kajawaabo,,,,,
442,sgbv_recourse,other,Other ,wax kale ,,,,,
443,crime_recourse,comm_leader,Community leader,hoggamiyaha bulshada,,,,,
444,crime_recourse,comm_elders,Community elders,odayaasha bulshada,,,,,
445,crime_recourse,health_centre,Health centre,xarrun caafimaaad ,,,,,
446,crime_recourse,UN_NGO,UN or NGO agency,"hey,adaha calaamiga ama kuwa qaramada midoobay",,,,,
447,crime_recourse,police,Police,booliska ,,,,,
448,crime_recourse,armed_group,Armed group,koox hubeysan,,,,,
449,crime_recourse,none,No where to report,majirto meel lagu wargeliyo ,,,,,
450,crime_recourse,no_report,Would not report it,masheegeyno ama ma wargelineeyno,,,,,
451,crime_recourse,dk_na,Don't know/Don't want to answer,magaraayo/marabo inaan kajawaabo,,,,,
452,crime_recourse,other,Other ,wax kale ,,,,,
453,idp_host_relations,v_good,Very good,aad u wanaagsan,,,,,
454,idp_host_relations,good,Good,wanaagsan,,,,,
455,idp_host_relations,bad,Bad,xun,,,,,
456,idp_host_relations,v_bad,Very bad,aad u xun,,,,,
457,barriers_protection,info_services,Informational: Unaware that services are available,Wargelin:kama warqabno in adeega laheli karo,,,,,
458,barriers_protection,access_distance,Access: Services too far to travel to,Helitaanka: adeegyada safar ahaan aad ayay u fogyihiin,,,,,
459,barriers_protection,access_costs,Access: Prohibitive costs,Helitaanka:qiimo sharci darro ah,,,,,
460,barriers_protection,access_insecurity,Access: Insecurity travelling to areas,Helitaanka:amni darro kajirta u safridda meelahaasi,,,,,
461,barriers_protection,access_disabled,Access: Inaccessible for disabled persons,Helitaanka:shaqsiyaadka curyaamada/ama camoolada ah oon gaari karin ,,,,,
462,barriers_protection,access_minority,Access: Inaccessible for minority groups,Helitaanka:kooxaha laga tira badan yahay oon gaari karin,,,,,
463,barriers_protection,access_fees,Access: Forced to pay bribes or fees,Helitaanka:lagu qasbay in labixyo laaluush ama lacag,,,,,
464,barriers_protection,quality_staff,Quality: Facilities not staffed or staff not present,Tayo:qalabka aan shaqeynin ama shaqaala ayaan joogin,,,,,
465,barriers_protection,quality_services,Quality: Services not appropriate for problems,Tayo:adeegyada ayaan kuhabooneeyn dhibaatooyinka ,,,,,
466,barriers_protection,quality_staff_gender,Quality: Not enough female or male staff for female or male claimants,Tayo:shaqaalaha ragga ama dumarka ah oon kufilneeyn macaamiisha ragga iyo dumarka ,,,,,
467,barriers_protection,none,None,Midnaba,,,,,
468,main_support_protection,removal_uxo,Service provision: removal of hazardous items,Bixinta Adeega:in lasaaro qalabka halista ah,,,,,
469,main_support_protection,transport_facilities,Service provision: transport to facilities,Bixinta Adeega:gaadiidka  adeegyada,,,,,
470,main_support_protection,more_quality_staff,Service provision: more qualified staff ,Bixinta Adeega:shaqaale badan oo aqoon leh,,,,,
471,main_support_protection,more_staff,Service provision: more staff,Bixinta Adeega:shaqaale badan ,,,,,
472,main_support_protection,child_services,Service provision: child protection services,Bixinta Adeega:adeegyada daryeelka carruurta,,,,,
473,main_support_protection,sgbv_services,"Service provision: SGBV medical, legal, psychosocial services","Bixinta Adeega:caafimaadka dhibaatooyinka kusaleeysan jinsiga, sharci,adeegyada nafsaaniga ah",,,,,
474,main_support_protection,security_services,Service provision: increased security,Bixinta Adeega:amniga oo kordhay,,,,,
475,main_support_protection,disabled_access,Service provision: increased access for disabled persons,Bixinta Adeega:kordhinta helitaanka adeega ee dadka naafada ah,,,,,
476,main_support_protection,minority_access,Service provision: increased access for minority groups,Bixinta Adeega:kordhinta helitaanka adeega ee kooxaha laga tirada badanyahay,,,,,
477,main_support_protection,comm_based_services,Service provision: community-based services,Bixinta Adeega:adeegyada bulshada kuslaleeysan,,,,,
478,main_support_protection,more_centres,Infrastructure provision: more centres,bixinta ilaha dhaqaalah: xarumo badan,,,,,
479,main_support_protection,near_centres,Infrastructure provision: nearer centres,bixinta ilaha dhaqaalah:xarumo dhaw,,,,,
480,food_change,amount_reduced,Amount of food available has reduced,tirada cuntada la heli karo oo hoos u dhacday/nusqaantay,,,,,
481,food_change,amount_increased,Amount of food available has increased,tirada cuntada laheli karo oo siyaaday/korartay,,,,,
482,food_change,quality_reduced,Quality of food has reduced,tayada cunnada oo nusqaantay/hoos u dhacday,,,,,
483,food_change,quality_increased,Quality of food has increased,tayada cunnada oo siyaaday/korodhay,,,,,
484,food_change,variety_reduced,Variety of food has reduced,kala duwanaanshiyaha cunnada oo nusqaantay/hoos u dhacday,,,,,
485,food_change,variety_increased,Variety of food has increased,kala duwanaanshiyaha cunnada oo siyaaday/korortay,,,,,
486,food_change,none,Not changed,isbadal madhicin/isma badalin,,,,,
487,change_source,change_to_purchase,Change To Food Purchase,isbedelka iibsiga cunnada,,,,,
488,change_source,change_to_borrow,Change To Borrowed Food,isbedelka cunnada amaahda,,,,,
489,change_source,change_to_production,Change To Own Production,isbedelka wax soo saarka ,,,,,
490,change_source,change_to_aid,Change To Food Aid,isbedelka cunnada mucaawinadda,,,,,
491,change_source,change_to_gift,Change To Gifts,isbedelka hadiyadaha,,,,,
492,change_source,change_to_barter,Change To Barter,isbedelka isku badalashada badeecada,,,,,
493,change_source,change_to_wild,Change To Wild Foods,isbadelka cunnada door joogta,,,,,
494,change_source,not_changed,Not Changed,isma badalin,,,,,
,change_source,dnk,Don’t know,ma garanayo,,,,,
495,mental_problems,depress_mood,"Depressed mood for most of the day, nearly every day",xaalad niyad jab ah badi maalinkii/dharartii maalin kasta,,,,,
496,mental_problems,depress_interest,"Significant reduction in interest or pleasure in all or vast majority of activities most of the day, nearly every day",Danayn la’aan ama inuusan ku faraxsanayn dhamaan shaqooyinka maalinkii/ ku dhawaad maalin walba.,,,,,
497,mental_problems,depress_weight,"Significant weight loss when not dieting or weight gain, or decrease/increase in appetite, nearly every day","hoos u dhac weyn ama koror badan oo miisaanka ah xilliga dheelitirka cunnada,  hoos u dhac ama koror cunista cunnada/umateeteka kudhawaad maalinkii",,,,,
498,mental_problems,depress_slow,Slow thought and responses and slow movement,"gaabis dhanka fikirka, jawaab celinta iyo dhaqdhaqaaqa.",,,,,
499,mental_problems,depress_fatigue,Feeling fatigued or loss of energy nearly every day,dareemidda daal ama luminta tamarta maalin kasta,,,,,
500,mental_problems,depress_guilt,"Feelings of guilt or lack of self-value, nearly every day","isqiimeeyn la,aan iyo dareemid dambi maalin kasta ",,,,,
501,mental_problems,depress_concentrate,"Reduced ability to think or concentrate, nearly every day",awoodaada fekerka iyo xoog saarista sheey oo hoos u dhacda,,,,,
502,mental_problems,depress_suicide,"Recurrent thoughts of suicide or death, or attempts at suicide","fikradaha soo noqnoqda ee isdilka, dhimashada ama iskudeeyga isdilidda",,,,,
503,mental_problems,schiz_delusions,Delusions,Qofka oo aaminsan inuu muhiim yahay,,,,,
504,mental_problems,schiz_hallucination,Hallucinations,Muuqaal dhalanteed ,,,,,
505,mental_problems,schiz_speech,"Disorganised speech, or lack of sense in speech",Hadal aan micno lahayn  ,,,,,
506,mental_problems,schiz_disorg,Always disorganised,markista aan nidamsaneen,,,,,
507,mental_problems,schiz_cata,Catatonic behaviour,"Xaalad aan caadi ahayn (Naxdin,caro, xadgudub ama farxad).",,,,,
508,mental_problems,schiz_emotion,Diminished emotional expression,Dareen aanan  damiir fiicn lahayn,,,,,
509,mental_problems,stressors_affect,"Inappropriate affect (for e.g. laughing in the absence of a stimulus, intense fear without reason, etc.)",Qofka oo iska qosla iyadoo wax lagu qoslo aanu jirin ( dareema cabsi badan oo sabab la’aan ah),,,,,
510,mental_problems,stressors_sleep,"Disturbed sleep patterns (sleeping excessively, or very little, nearly every day)",Aaan hurdo dagan lahayn ( in badan seexanaya ama inyar seexanaya ugu yaraan maalin walba),,,,,
511,mental_problems,stressors_eating,Excessive eating ,Cunidda cunto xad dhaaf ah.,,,,,
512,mental_problems,stressors_dysphoria,"Dysphoric mood (depression, anxiety, anger, violence)","Xaalad aan caadi ahayn(Naxdin,caro, xadgudub)",,,,,
513,mental_problems,stressors_deperson,Depersonalisation (detachment or disconnect from self),Isgarasho la'aan (Qofka oo aan naftiisa garaneynin),,,,,
514,mental_problems,stressors_dereal,Derealisation (a feeling that surroundings are not real),Qofka oo dareemaya in wax yaahaba ku xeersan anay jirin. ,,,,,
515,mental_problems,stressors_cognit,"Cognitive deficits impacting language, processing, executive function, and/or memory",Qofka oo aan lahayn awood uu wax ku fahmo taasoo saamaynaysa ku hadalka luuqadda iyo xasuusta.,,,,,
516,mental_problems,stressors_agg,Hostility and aggression ,Caro iyo xanaaq badan,,,,,
517,mental_problems,stressors_soc_cog,Lack of social cognition (for e.g. does not talk to anybody),Aan cidnaba lahadleynin,,,,,
518,mental_problems,stressors_drugs,Excessive khat consumption,Khat cunid badan,,,,,
519,mental_problems,none,None of the above,Midna inta kor kuxusan,,,,,
,mental_problems,dnk,Don’t know,ma garanayo,,,,,
520,yes_no,yes,Yes,Haa,,,,,
521,yes_no,no,No,Maya,,,,,
522,y_n_dk,yes,Yes,Haa,,,,,
523,y_n_dk,no,No,No,,,,,
524,y_n_dk,dontknow,Don't know,Magaranayo,,,,,
525,nutrition_barrier,unware_nutrition_service,Unaware that services are available,Aankawarqabin adeegyada jira,,,,,
526,nutrition_barrier,unware_suplements_avialble,Unaware that supplements are available,Aan kawarqabin adeegyo Kaaba inay jiraan ,,,,,
527,nutrition_barrier,difificulty_enrolling,Difficulty in enrolling children in programmes,Caruurta oo ay ku adagtahay in la galiyo wax barashada.,,,,,
528,nutrition_barrier,facilities_too_far,Facilities too far to travel to,Adeegan oo aad ufog in loo safro,,,,,
529,nutrition_barrier,prohibitive_costs,Prohibitive costs,Qiimo aad usare,,,,,
530,nutrition_barrier,insecurity_to_travel,Insecurity in travelling to and from centres,Amini daro kajirta in marka lagalayo ama lagaso baxaayo xarumaha ,,,,,
531,nutrition_barrier,inaccessible_to_disabled,Inaccessible to disabled persons,Mell Aanay tagi karin shaqsiyaadka naafada ah.,,,,,
532,nutrition_barrier,inaccessible_to_minirity_clans,Inaccessible to minority groups/clans,Aanay tagi karin shaqsiyaadka kasoojeeda qoosaska laga tirabadanyahay,,,,,
533,nutrition_barrier,facilities_not_staffed,Facilities not staffed or staff not present,Xaurmaha oo aan shaqaalo laheyn ama shaqaalo an joogin,,,,,
534,nutrition_barrier,not_enough_service_providers,Not enough female/male service providers for female/male claimant,Aan lahayn dumar ama rag  kufilan  oo u adeega dumarka ama raga ,,,,,
535,nutrition_barrier,none,None,Midnaba,,,,,
536,roof_material,earth,Earth,Dhulka,,,,,
537,roof_material,cement,Cement,Shamiindo,,,,,
538,roof_material,wood,Wood,Alwaax,,,,,
539,roof_material,cgi,CGI,Jiingad,,,,,
540,roof_material,tin,Tin (NIDO),Fuusto,,,,,
541,roof_material,plastic_sheet,Plastic Sheet,Bac da guriga lasaaro,,,,,
542,roof_material,cloth,Cloth,Dhar,,,,,
543,roof_material,vegetation,Vegetation,Dhirta/Geedhaha,,,,,
544,roof_material,none,None,Midnaba,,,,,
545,roof_wall_material,earth,Earth,Dhulka,,,,,
546,roof_wall_material,cement,Cement,Shamiindo,,,,,
547,roof_wall_material,bricks,Bricks,Bulikeeti,,,,,
548,roof_wall_material,wood,Wood,Alwaax,,,,,
549,roof_wall_material,cgi,CGI,Jiingad,,,,,
550,roof_wall_material,tin,Tin (NIDO),Fuusto,,,,,
551,roof_wall_material,plastic_sheet,Plastic Sheet,Bac da guriga lasaaro,,,,,
552,roof_wall_material,cloth,Cloth,Dhar,,,,,
553,roof_wall_material,vegetation,Vegetation,Dhirta/Geedhaha,,,,,
554,roof_wall_material,none,None,Midnaba,,,,,
555,door_material,wood,Wood,Alwaax,,,,,
556,door_material,cgi,CGI,Jiingad,,,,,
557,door_material,tin,Tin (NIDO),Fuusto,,,,,
558,door_material,plastic_sheet,Plastic Sheet,Bac da guriga lasaaro,,,,,
559,door_material,cloth,Cloth,dhar,,,,,
560,door_material,vegetation,Vegetation,Dhirta/Geedhaha,,,,,
561,door_material,none,None,midnaba,,,,,
562,reason_for_shelter_damage,flooding,Flooding,Fatahad biyo/Daad,,,,,
563,reason_for_shelter_damage,conflict,Conflict,Khilaaf,,,,,
564,reason_for_shelter_damage,poor_material,Poor Material,Qalab fiican aan lahayn,,,,,
565,reason_for_shelter_damage,poor_construction,Poor Construction,dhismo fiican aan lahayn,,,,,
566,shelter_support,cash_provison,"Cash provision (For rent, For construction materials, For internal separation materials, For internal light source, For locks)","Lacag cadaan ah oo loo isticmaalo(Kiro bixin, qalabka dhismaha oo lagugato  iyo nalalka).",,,,,
567,shelter_support,direct_provision,"Direct provision (Shelter construction, Shelter construction materials, Shelter safety materials (internal separation, light source, locks)),","Si toos ah loo siiyo (Dhisid Hoy, qalabka dhismaha, qalabka badqabka guriga sida ; xeendaab kalasooca guriga, nal , iyo qataar",,,,,
568,shelter_support,service_provision,"Service provision (Shelter repairs, Increased security around shelters),","Adeeg bixin (Hoyi, nabad galyo fiican guriyaha agagaarohooda)",,,,,
569,nfis_support,cash_provison2,Cash provision (Cash to buy NFI items (list by type)),Lacag cadaan ah oo loo isticmaalo(in lagu iibsado qalabka qoyska isticmaalo) ,,,,,
570,nfis_support,direct_provision2,Direct provision (NFI items (list by type)),Si too ah oo la siiyo qalabka qosyka isticmaalo,,,,,
571,nfis_support,service_provision2,Service provision (Transport to markets,Siinta gaadiidka ama kharashaadka gaadiidka ,,,,,
572,water_price,less_than_10,Less than 10$/month,Kayar 10 doolar,,,,,
573,water_price,11_20_month,11-20$/month,11 doolar ilaa iyo ,,,,,
574,water_price,21_30_month,21-30$/month,21-30 doolar bishiiba,,,,,
575,water_price,31_40_month,31-40$/month,31-40 doolar bishiiba,,,,,
576,water_price,41_50_month,41-50$/month,41-50 doolar bishiiba,,,,,
577,water_price,50_more_month,50+$/month,50 doolar bishiiba,,,,,
578,water_price,dnk,Don’t know,Magaranayo,,,,,
579,refill_jerrycan,once,Once,Halmar,,,,,
580,refill_jerrycan,twice,Twice,Labo mar,,,,,
581,refill_jerrycan,thrice,Thrice,Sedex mar,,,,,
582,refill_jerrycan,more_than_three,More than 3 times,Sedex mar waxkabadan,,,,,
583,jerrycan_condition,none,None,Midna,,,,,
584,jerrycan_condition,close_necked,Close-necked,Af yar ,,,,,
585,jerrycan_condition,covered,Covered or closed with a cap,Daboolan ama ku daboolan dabool ,,,,,
586,jerrycan_condition,stored_on_a_table,Stored on a table or elevated platform,Miis dhaxdiisa lagu keediyay ama meel sare,,,,,
587,household_latrine,yes_personal,Yes - personal latrine,"Haa , suuli gaar looleeyahay",,,,,
588,household_latrine,yes_shared,Yes - shared latrine,"Haa , suuli lawada leeyahay",,,,,
589,household_latrine,no_latrine,No latrine,Malahan musqul,,,,,
590,dispose_children_feaces,covered_pit,Household or communal covered pit,Goon qashin qun oo ay wada isticmaalaan bulshada iyo qoyska ,,,,,
591,dispose_children_feaces,burial,Burial if in designated areas far from houses and water sources,Meel lagu duugo hadii ay jiraan meel ugaar ah oo kafog guriyaha iyo goobaha biyaha lagahelo,,,,,
592,dispose_children_feaces,in_open,In open,Meel furan,,,,,
593,dispose_children_feaces,burning,Burning - near or far from home,Lagu gubo meel u dhow ama ka fog guriga  ,,,,,
594,enviromental_sanitaiton_problems,feacal_matter,Faecal matter,Saxaro ,,,,,
595,enviromental_sanitaiton_problems,stagnent_water,Stagnant water,Biyo fadhiya,,,,,
596,enviromental_sanitaiton_problems,solid_household_waste,Solid household waste matter,Qashinka guriga laga soosaaray,,,,,
597,enviromental_sanitaiton_problems,decying_organic_matter,Decaying organic matter such as dead animals,Dhibaato ka timaada wax yaabaha dabeeciga ah ee xumaaday iyo bakhtiga xoolaha  ,,,,,
598,enviromental_sanitaiton_problems,rodents,Rodents,Dooli/Jiir,,,,,
599,enviromental_sanitaiton_problems,none,None,Midnaba,,,,,
600,concerns_accessing_drinking_water,availibility,"Availability: (Irregular supply, Not enough water at source)",Helida ,,,,,
601,concerns_accessing_drinking_water,capacity,"Capacity: (Not enough jerry-cans, containers, storage capacity)","Cududa wax qaadista(Jerrican la'aan,weel, cudud wax keedeysa)",,,,,
602,concerns_accessing_drinking_water,quality,"Quality: (Poor water quality, Functionality of water source)","Tayo(Biyo aan tayo fiicnan  lahayn, shaqeynta goobta biyaha)",,,,,
603,concerns_accessing_drinking_water,access,"Access: (Distance to source (>500m, or >7 minutes walking)","Gaaritaanka (masaafada ay jirto goobta biyaha laga helo(>500m, ama>7 daqiiqo oo socod ah)",,,,,
604,concerns_accessing_drinking_water,waiting_time,Excessive waiting time at source (>30 minutes),Waqti badan oo la sugo goobta biyaha laga helo,,,,,
605,concerns_accessing_drinking_water,insecurity ,"Insecurity while travelling to source, Insecurity at water source",Amni daro kajirta marka goobta loosocdo iyo goobta biyaha ,,,,,
606,concerns_accessing_drinking_water,prohibitive_cost2,Prohibitive cost,Qiimo aad usare,,,,,
607,concerns_accessing_drinking_water,none,None,Midnaba,,,,,
608,concerns_accessing_latrines,access2,Access: Distance to facility (>50m),Helida. Cabirka loosoconayo goobta,,,,,
609,concerns_accessing_latrines,waiting_time2,Excessive waiting time at facility (>30 minutes),Waqti dheer oo lasugaayo goobta. (Kabadan 30 daqiiqo),,,,,
610,concerns_accessing_latrines,in_security_traveling,Insecurity while travelling to latrines,Nabad galyo la'aan markii loo socodo suuliga/musqulaha,,,,,
611,concerns_accessing_latrines,in_security_within,Insecurity at latrines,Nabad galyo la'aan kajirta suuliga,,,,,
612,concerns_accessing_latrines,not_accessible_to_disabled,Not accessible for disabled persons,Aanay gali karin dadka naafada ah,,,,,
613,concerns_accessing_latrines,not_accessible_to_minority,No access for minority groups/clans,Aanay gali karin dadka kasoojeeda qabdaailada laga tirabadanyahay,,,,,
614,concerns_accessing_latrines,quality2,Quality: No gender segregation,Tayo: Aan loo kala saarin jinsiyada,,,,,
615,concerns_accessing_latrines,o_wall_light,No walls or internal light,Aan lahayn darbiyo ama nal gudaha ah,,,,,
616,concerns_accessing_latrines,no_lock,No lock on inside of door,Aaan gudaha lagaxiri karin ,,,,,
617,concerns_accessing_latrines,not_clean,Not cleaned or maintained,Aan lanadiifinin ama lahagaajinin,,,,,
618,concerns_accessing_latrines,facilities_full,Facilities are full,Adeegyada oo aad ubuuxa,,,,,
619,concerns_accessing_latrines,crowded,Facilities are crowded,Adeegyada oo aad looga batay,,,,,
620,concerns_accessing_latrines,none,None,Midnaba,,,,,
621,concerns_accessing_handwashing,no_enough_water,Not enough water or no washbasins,Biyo aan kufilnayn ama aan lahayn baaf.,,,,,
622,concerns_accessing_handwashing,no_soap,No soap,Saabuun la'aan,,,,,
623,concerns_accessing_handwashing,diff_soap,Difficulty in obtaining soap,Caqabad jirta in saabuun lahelo,,,,,
624,concerns_accessing_handwashing,diff_mens_mat,Difficulty in obtaining menstruation materials,Caqabad jirta in lahelo qalabka nadaafadda dumarka,,,,,
625,concerns_accessing_handwashing,none,None,Midnaba,,,,,
626,dificulty_obtaining_soap,unnecessary,Believe to be unnecessary,Aaminsan in aanay habooneyn,,,,,
627,dificulty_obtaining_soap,cost,Cost,Qiimo ,,,,,
628,dificulty_obtaining_soap,non_market,No functioning markets,Aan lahayn suuq shaqeynaya,,,,,
629,dificulty_obtaining_soap,insecurity_traveling,"Insecurity travelling to, or at markets",Amni daro kajirta u safridda ama la joogo suuqa,,,,,
630,dificulty_obtaining_soap,quality,Quality,Tayo,,,,,
631,dificulty_obtaining_menstruation,believe_unnecessary,Believe to be unnecessary,Aaaminsan inaanu haboonayn ,,,,,
632,dificulty_obtaining_menstruation,costly,Cost,Qiimo,,,,,
633,dificulty_obtaining_menstruation,no_functioning_market,Functioning markets,Suuq shaqeynaya,,,,,
634,dificulty_obtaining_menstruation,insecure_traveling,"Insecurity travelling to, or at markets",Amni daro marka loosocda ama lajoogo suuqyada,,,,,
635,dificulty_obtaining_menstruation,not_reusable,Not re-usable,Aan dib loo isticmaali karin,,,,,
636,dificulty_obtaining_menstruation,no_washing_posible,No washing possible,Aan la dhaqi karin ,,,,,
637,main_support_for_drinking,cash_support,"Cash support (To buy water, To buy jerry-cans or tanks)","Caawimaad lacag ah(lagu iibsado biyo, lagusooiibsado jirgaamo ama haamo)",,,,,
638,main_support_for_drinking,direct_provision,"Direct provision (Treatment means (chlorine tabs, filters, fuel for boiling water)",Si too ah loo siiyo,,,,,
639,main_support_for_drinking,tanks_jerycans,Tanks or jerry-cans for increased storage capacity,Ku kaydinta biyaha ee haamana iyo caagaga oo siyaaday.,,,,,
640,main_support_for_drinking,service_provison,"Service provision (Transport to markets, Transport to water distribution points, Increased access for disabled persons, Increased access for minority groups/clans, Increased security at water distribution points),","Bixinta adeegyada sida (in loo safro suuqa, goobaha biyaha lagu qaybiyo. sare loo qaado helitaanka adeegyada dadka naafada ah,laga tiro badan yahay, amniga meelaha biyaha lagu qaybiyo)",,,,,
641,main_support_for_drinking,infrastructure_provison,"Infrastructure provision (Nearer water distribution points, More water distribution points),",Bixinta kaabe ( u dhow goobaha biyo qaybinta iyo in la siyaadiyo helitaanka biyaha) ,,,,,
642,main_support_latrines,direct_provison,"Direct provision (Water and soap at facilities, Containers for waste-disposal)","Bixin toos ah (Biyo, saabuun, goobo qashin qub ah)",,,,,
643,main_support_latrines,washbasin,"Infrastructure provision (Nearer facilities, More facilities, More private facilities (lights, locks, etc.",Bixinta kaabe ( goobo dhow iyo meelo badan oo gaar ah ( sida nalalka iyo qufulo).,,,,,
644,main_support_latrines,washbasin_facilities,Washbasin at facilities,Baaf wax lagudhaqo oo goobta lagahelo,,,,,
645,main_support_latrines,service_provison,"Service provision (Cleaner facilities, Increased security at facilities, Increased access for disabled persons, Increased access for minority groups/clans)","Adeeg bixin ( agabka nadaafada, sare u qaadida amniga goobta, sare u qaadida helitaanka adeega dadka naafada ah iyo dadka laga tiro badan yahay)",,,,,
646,main_support_handwashing,cash_support3,Cash support only (to buy materials),Lacag cadaan ah oo lagu iibsado agab.,,,,,
647,main_support_handwashing,direct_provison3,"Direct provision (soap, menstruation materials by type),","Bixin toos ah (Saabuun, qalabka nadaafada dumarka)",,,,,
648,main_support_handwashing,service_provision,"Service provision (Transport to markets),",Adeeg gaadiid dadku ku gaaro suuqa ,,,,,
649,structural_material,wood,Wood,Alwaax,,,,,
650,structural_material,metal,Metal,Bir,,,,,
651,structural_material,bricks,Bricks,Bulukeeti,,,,,
652,structural_material,stones,Stones,Dagax,,,,,
653,structural_material,other,Other,Wax kale,,,,,
671,male_female,male,Male,Lab/ nin,,,,,
672,male_female,female,Female,Dhidig/dumar,,,,,
673,return_country,kenya,Kenya,Kenya,,,,,
674,return_country,ethiopia,Ethiopia,Ethiopia,,,,,
675,return_country,yemen,Yemen,Yemen,,,,,
676,return_country,uganda,Uganda,Uganda,,,,,
677,return_country,djibouti,Djibouti,Dijbouti,,,,,
678,return_country,egypt,Egypt,Egypt,,,,,
679,return_country,eritrea,Eritrea,Eritrea,,,,,
680,return_country,tanzania,Tanzania,Tan,,,,,
681,return_country,other,Other,Wax kale,,,,,
682,return_area,dollo_ado,Dollo Ado,Dollo Ado,ethiopia,,,,
683,return_area,jijiga,Jijiga,Jijiga,ethiopia,,,,
684,return_area,addis_ababa,Addis Ababa,Ardisababa,ethiopia,,,,
685,return_area,other,Other,Wax kale,ethiopia,,,,
686,return_area,dadaab,Dadaab,Wax kale,kenya,,,,
687,return_area,kakuma,Kakuma,Kaakuma,kenya,,,,
688,return_area,nairobi,Nairobi,Nayroobi,kenya,,,,
689,return_area,other,Other,Wax kale,kenya,,,,
690,return_settlement,melkadida,Melkadida,Melkadida,,dollo_ado,,,
691,return_settlement,kobe,Kobe,Kobe,,dollo_ado,,,
692,return_settlement,hilaweyn,Hilaweyn,Hilaweyn,,dollo_ado,,,
693,return_settlement,bokolmanyo,Bokolmanyo,Bakolmanyo,,dollo_ado,,,
694,return_settlement,buramino,Buramino,Buramino,,dollo_ado,,,
695,return_settlement,other,Other,Wax kale,,dollo_ado,,,
696,return_settlement,kebribeyah,Kebribeyah,Kebribeyah,,jijiga,,,
697,return_settlement,aw_barre,Aw-Barre,Aw-Barre,,jijiga,,,
698,return_settlement,sheder,Sheder,Sheder,,jijiga,,,
699,return_settlement,other,Other,Other,,jijiga,,,
700,return_settlement,hagadera,Hagadera,Hagardera,,dadaab,,,
701,return_settlement,dagahaley,Dagahaley,Dhagaxley,,dadaab,,,
702,return_settlement,ifo,Ifo,Ifo,,dadaab,,,
703,return_settlement,ifo_2,Ifo 2,Ifo 2,,dadaab,,,
704,return_settlement,kambioos,Kambioos,Kambioos,,dadaab,,,
705,return_settlement,other,Other,Wax kale,,dadaab,,,
706,reason1,conflict_community,Actual conflict in community,Khilaafka rasmiya oo bulshada dhexdeeda ah.,,,,,
707,reason1,conflict_surrounding,"Conflict in surrounding area, but not in my community",Khilaaf kajira deegaanka laakiin aan ahayn bulshadayda dhexdeeda ,,,,,
708,reason1,conflict_fear,Fear of conflict in community,Ka cabsi qaba khilaaf bulshada dhexdeeda ah ,,,,,
709,reason1,arrival_ags,Arrival of armed groups,Imaasho kooxo hubaysan ,,,,,
710,reason1,withdrawal_ags,Withdrawal of armed groups/ security forces,Inay baxeen kooxo hubaysan ama laamaha amniga,,,,,
711,reason1,threats,Personal threats,Cabsi shaqsi ,,,,,
712,reason1,flooding,Flooding,Fatahaad/daadad ,,,,,
713,reason1,lack_job,Lack of livelihood opportunities/job,Fursado shaqo aan meesha kajirin,,,,,
714,reason1,lack_health,Lack of health services,Adeegyo caafimaad oo aan meesha kajirin,,,,,
715,reason1,lack_edu,Lack of education services,Adeegyo waxbarasho oo aan meesha kajirin,,,,,
716,reason1,drought,Drought,Abaaro,,,,,
717,reason1,lack_water,Lack of water (not drought related),Biyo la'aan(oo aan la xariirin abaar),,,,,
718,reason1,lack_food,Lack of food (not drought related),Cuno la'aan (oo aan la xariirin abaar),,,,,
719,reason1,livestock_disease,Livestock disease outbreak/livestock death,Cudurada xoolaha oo dilaaca/ xoolaha oo bakhtiya.,,,,,
720,reason1,pressure_authorities,Pressure from authorities,Cadaadis ka yimaada dowlada,,,,,
721,reason1,pressure_hc,Pressure from host communities,Cadaadis ka yimaada bulshada,,,,,
722,reason1,eviction,Eviction,Barankicin,,,,,
723,reason1,none,None,Midnaba,,,,,
724,reason1,dontknow,I don't know or don’t want to answer,Magaranyo ama marabo in aanka kajawabo,,,,,
725,reason2,no_conflict,No conflict,Khilaaf la'aan,,,,,
726,reason2,work_income,Availability of work/ income opportunities,Shaqo ayaa jirta ama fursado dhaqaale,,,,,
727,reason2,health_ser,Presence of health services,Jiritaan adeegyo caafimaad,,,,,
728,reason2,educ_ser,Presence of education services,Jiritaan adeegyo waxbarasho ,,,,,
729,reason2,food_dist,Presence of food distribution/food aid,Jiritaan cuno qeybin / caawimaad cuno,,,,,
730,reason2,local_food,Availability of local food (market/cultivation),Cuno meesha lagahelo,,,,,
731,reason2,shelter,Presence of shelter,Hoy ayaa jira ,,,,,
732,reason2,water,Presence of water,Biyaha oo  goobta laga helo,,,,,
733,reason2,cash,Presence of cash distribution,Waxa jira lacag qaybin ,,,,,
734,reason2,protection,Presence of physical protection actors,Ururo xuquuqda udoodo oo meesha jooga,,,,,
735,reason2,withdrawal_ags,Withdrawal of armed groups/ security forces,Inay baxeen kooxo hubaysan ama laamaha amniga,,,,,
736,reason2,family,To join family/community,In aan ku biiro qoyskayga ama bulshadeyda,,,,,
737,reason2,none,None,Midnaba,,,,,
738,reason2,dontknow,I don't know or don’t want to answer,Magaranayo ama marabo in aankajawaabo,,,,,
739,returnee_remain,yes,"Yes, will settle here","Haa, halkan ayan dageynaa",,,,,
740,returnee_remain,elsewhere_city,Will move elsewhere in this city,Meelkale oo kamid ah magaalada ayan dageynaa,,,,,
741,returnee_remain,elsewhere_somalia,Will move elsewhere in Somalia,Meelkale oo kamid ah Somalia ayan dageynaa,,,,,
742,returnee_remain,return_refugee,Will return to the previous country of refuge,Waxan kunoqoneynaa halkii aan kanimid,,,,,
743,returnee_remain,elsewhere_country,Will move to another country,Waxan aadeynaa wadankale,,,,,
744,returnee_remain,dontknow,I don't know if I want to move,Magaranayo in aan halkan katagi doono.,,,,,
745,date2,next_week,In the next week,Isbuuca soosocda,,,,,
746,date2,next_month,In the next month,Bisha soosocota,,,,,
747,date2,next_three_months,In the next three months,3' da bilood ee soosocota,,,,,
748,date2,next_six_months,In the next six months,6' da bilood ee soosocota,,,,,
749,date2,more_six_months,More than six months from now,6 bolood mudo kadabadan form hada kabilaabata,,,,,
750,water_source,water_kiosk,Water Kiosk,Baraago ,,,,,
751,water_source,vendors,Vendors or shop,Wareejiye,,,,,
752,water_source,piped_system,Piped System,Qasabad leh/ tuubo leh,,,,,
753,water_source,protected_well_no_hand_pump,Protected Well w/o hand pump,Ceel daboolan oo jigjigla ahen,,,,,
754,water_source,protected_well_with_hand_pump,Protected Well with hand Pump,Ceel daboolan oo jigjigla ah,,,,,
755,water_source,unprotected_well,Unprotected Well,Ceel aan dabool laheen,,,,,
756,water_source,berkad,Berkad,Berkad,,,,,
757,water_source,river,River,Wabi ,,,,,
758,water_source,tank_and_tap,Water tank and Tap,Haan biyo ah iyo tuubo,,,,,
759,water_source,water_trucking_distrib,Water Trucking Distribution Point,Goobta lagu qaybiyo biyaha booyadaha ,,,,,
760,water_source,borehole,Borehole with submersible pump,Ceel leh beeb biyaha gudbiya,,,,,
761,water_source,other,Other,Wax kale,,,,,
762,water_treat_how,boiling,Boiling,Biyo karkarin,,,,,
763,water_treat_how,cloth_filter,Cloth filter,Biyo nadhiifiye dhar ah,,,,,
764,water_treat_how,other_filter,"Other kind of filter (membrane, ceramic, or commercial filter)","Wax kale oo biyaha nadhiifiya(Miire, maro iyo lamid ah)",,,,,
765,water_treat_how,chlorine,Chlorine tablets/aquatabs,Kaniini Koloriin ah/Biyo nadhiifiye ha ,,,,,
766,water_treat_how,other,Other,Wax kale,,,,,
767,water_storage,jerry_can,Jerry Cans,Jirgaan,,,,,
768,water_storage,water_tank,Water tank,Haamaha biyaha ,,,,,
769,water_storage,water_gallon,Water gallon,Biyo keediye,,,,,
770,water_storage,bucket_lid,Bucket with lid,Baaldi dabool leh,,,,,
771,water_storage,bucket_no_lid,Bucket with no lid,Baaldi aan dabool lahayn,,,,,
772,water_storage,plastic_bottle,Plastic bottle,Dhalo bac kasameysan,,,,,
773,water_storage,other,Other,Wax kale,,,,,
774,price_change,increase,The price has increased,Qiimaha wuu kordhay,,,,,
775,price_change,decrease,The price has decreased,Qiimaha waa nusqaamay ,,,,,
776,price_change,no_change,The price has not changed,Qiimaha isma badallin ,,,,,
,price_change,dnk,Don’t know,ma garanayo,,,,,
777,when_wash_hands,before_eating,Before eating,Cunada kahor,,,,,
778,when_wash_hands,before_food_baby,Before feeding baby (including breastfeeding),Canuga in inta aan  waxba  lasiinin kahor,,,,,
779,when_wash_hands,before_food,Before preparing food,Cunada  in aan ladiyaarin kahor,,,,,
780,when_wash_hands,serving_food,Serving food,Cuno qaybin ,,,,,
781,when_wash_hands,after_defecating,After defecating,Saxarada kadib,,,,,
782,when_wash_hands,after_baby_poop,After disposing of baby's faeces/washing baby's bottom,Kadib markii la xaaro saxarad canuga/iyo marka cunuga saxarada laga dhaqo,,,,,
783,when_wash_hands,after_eating,After eating,Marka aan cuno cuno kadib,,,,,
784,when_wash_hands,never,I never wash my hands,Waligay ma dhaqan gacmaha ,,,,,
785,when_wash_hands,other,Other,Waxkale,,,,,
786,latrine_type,flush_unimproved,Flush latrine to the open,Suuli fadhi leh lana biyo raaciyo,,,,,
787,latrine_type,flush_improved,Flush latrine to a tank/sewer system/pit,Suuli /Musqul oo boostaneer/ bulaacad leh,,,,,
788,latrine_type,pit_improved,Pit latrine covered/with slab,Suuli/Musqul dabool leh,,,,,
789,latrine_type,pit_unimproved,Pit latrine open/without slab,Suuli/Musqul dabo la aan ah,,,,,
790,latrine_type,other,Other,Wax kale,,,,,
791,latrine_hygiene,v_hygienic,Very hygienic,Aad u nadiif ah ,,,,,
792,latrine_hygiene,hygienic,Hygienic,Nadaafad leh,,,,,
793,latrine_hygiene,unhygienic,Unhygienic,Aan nadaafad laheyn,,,,,
794,latrine_hygiene,v_unhygienic,Very unhygienic,Aan aad nadaafad u laheyn,,,,,
795,nfis,mats,Sleeping mat - 2,Darin lagu seexdo,,,,,
796,nfis,blankets,Blankets - 3,3 Busti,,,,,
797,nfis,plastic_sheet,Plastic sheeting,Bac da guriga lasaaro,,,,,
798,nfis,jerry_can,Jerry cans - 2,2 jirgaan,,,,,
799,nfis,bucket,Buckets - 1,1 Baaldi,,,,,
800,nfis,wash_basin,Wash Basin - 1,1 Baaf oo wax lagu dhaqto,,,,,
801,nfis,cooking_pot,Cooking pots - 2,2 Digsi wax lagu karsado,,,,,
802,nfis,plates,Plates - 6,6 saxan,,,,,
803,nfis,cups,Cups - 6,1 Koobab 6 ah,,,,,
804,nfis,spoon,Serving spoon - 1,1 Qaado wax lagucuno,,,,,
805,nfis,knives,Kitchen knife - 1,1 Mindi,,,,,
806,nfis,kettle,Kettle - 1,1 Kirni/abriiq,,,,,
807,nfis,lamp,Solar lamp - 1,1 Nal soolar ,,,,,
808,nfis,none,None,midnaba,,,,,
809,floor_material,earth,Earth,Dhulka,,,,,
810,floor_material,cement,Cement,Shamiindo,,,,,
811,floor_material,plastic_sheet,Plastic sheet,Bac da guriga lasaaro,,,,,
812,floor_material,other,Other,Waxkale,,,,,
813,movement_restrictions,roadblocks,Roadblocks,Jid xireen,,,,,
814,movement_restrictions,gatekeepers,Gatekeepers,Horjooge yaal,,,,,
815,movement_restrictions,gbv,Gender Based Violence,Xad gudub kusaleysan jinsiyad,,,,,
816,movement_restrictions,erws,Explosive remnants of war,Waxyaabo  kaharay digaalada oo qarxi kara,,,,,
817,movement_restrictions,armed_groups,Presence of armed actors,Joogitaanka kooxo hubaysan ,,,,,
818,movement_restrictions,other,Other,Wax kale,,,,,
819,host_relations,very_good,Very good,Aad ufiican,,,,,
820,host_relations,good,Good,Fiican,,,,,
821,host_relations,fair,Fair,Iskacaadi ah,,,,,
822,host_relations,bad,Bad,Xun,,,,,
823,host_relations,very_bad,Very bad,Aad uxun,,,,,
824,host_relations,dnk,Do not know,Magaranayo,,,,,
825,host_relations,no_answer,Do not wish to answer,Ma raba  in an kajawabo,,,,,
826,shelter_damage,structural,Damage to structural material,Dhaawac kuyimid dhismaha guriga ,,,,,
827,shelter_damage,floor,Damage to floor,Dhaawac  kuyimid ismiidka/sagxada guriga,,,,,
828,shelter_damage,roof,Damage to roof,Dhaawac kuyimid saqafka,,,,,
829,shelter_damage,wall,Damage to wall material,Dhaawac kuyimid darbiga guriga,,,,,
830,shelter_damage,total,Totally destroyed,Gabi ahanba burburay,,,,,
831,shelter_damage,other,Other,wax kale,,,,,
832,region,awdal,Awdal,Awdal,Awdal,,,,
833,region,bakool,Bakool,Bakool,Bakool,,,,
834,region,banadir,Banadir,Banadir,Banadir,,,,
835,region,bari,Bari,Bari,Bari,,,,
836,region,bay,Bay,Bay,Bay,,,,
837,region,galgaduud,Galgaduud,Galgaduud,Galgaduud,,,,
838,region,gedo,Gedo,Gedo,Gedo,,,,
839,region,hiraan,Hiraan,Hiraan,Hiraan,,,,
840,region,lower_juba,Lower Juba,Jubadda Hoose,Jubadda Hoose,,,,
841,region,lower_shabelle,Lower Shabelle,Shabellada Hoose,Shabellada Hoose,,,,
842,region,middle_juba,Middle Juba,Jubadda Dhexe,Jubadda Dhexe,,,,
843,region,middle_shabelle,Middle Shabelle,Shabellada Dhexe,Shabellada Dhexe,,,,
844,region,mudug,Mudug,Mudug,Mudug,,,,
845,region,nugaal,Nugaal,Nugaal,Nugaal,,,,
846,region,sanaag,Sanaag,Sanaag,Sanaag,,,,
847,region,sool,Sool,Sool,Sool,,,,
848,region,togdheer,Togdheer,Togdheer,Togdheer,,,,
849,region,woqooyi_galbeed,Woqooyi Galbeed,Woqooyi Galbeed,Woqooyi Galbeed,,,,
850,district,baki,Baki,Baki,Baki,,awdal,,
851,district,borama,Borama,Borama,Borama,,awdal,,
852,district,lughaye,Lughaye,Lughaye,Lughaye,,awdal,,
853,district,zeylac,Zeylac,Zeylac,Zeylac,,awdal,,
854,district,ceel_barde,Ceel Barde,Ceel Barde,Ceel Barde,,bakool,,
855,district,rab_dhuure,Rab Dhuure,Rab Dhuure,Rab Dhuure,,bakool,,
856,district,tayeeglow,Tayeeglow,Tayeeglow,Tayeeglow,,bakool,,
857,district,waajid,Waajid,Waajid,Waajid,,bakool,,
858,district,xudur,Xudur,Xudur,Xudur,,bakool,,
859,district,boondheere,Mogadishu_Boondheere,Mogadishu_Boondheere,Mogadishu_Boondheere,,banadir,,
860,district,abdulaziz,Mogadishu_Cabdulcasiis,Mogadishu_Cabdulcasiis,Mogadishu_Cabdulcasiis,,banadir,,
861,district,daynile,Mogadishu_Daynile,Mogadishu_Daynile,Mogadishu_Daynile,,banadir,,
862,district,dharkenley,Mogadishu_Dharkenley,Mogadishu_Dharkenley,Mogadishu_Dharkenley,,banadir,,
863,district,hawl_wadaag,Mogadishu_Hawl Wadaag,Mogadishu_Hawl Wadaag,Mogadishu_Hawl Wadaag,,banadir,,
864,district,heliwa,Mogadishu_Heliwa,Mogadishu_Heliwa,Mogadishu_Heliwa,,banadir,,
865,district,hodan,Mogadishu_Hodan,Mogadishu_Hodan,Mogadishu_Hodan,,banadir,,
866,district,kahda,Mogadishu_Kahda,Mogadishu_Kahda,Mogadishu_Kahda,,banadir,,
867,district,karaan,Mogadishu_Karaan,Mogadishu_Karaan,Mogadishu_Karaan,,banadir,,
868,district,shangaani,Mogadishu_Shangaani,Mogadishu_Shangaani,Mogadishu_Shangaani,,banadir,,
869,district,shibis,Mogadishu_Shibis,Mogadishu_Shibis,Mogadishu_Shibis,,banadir,,
870,district,waaberi,Mogadishu_Waaberi,Mogadishu_Waaberi,Mogadishu_Waaberi,,banadir,,
871,district,wadajir,Mogadishu_Wadajir,Mogadishu_Wadajir,Mogadishu_Wadajir,,banadir,,
872,district,wardhiigleey,Mogadishu_Wardhiigleey,Mogadishu_Wardhiigleey,Mogadishu_Wardhiigleey,,banadir,,
873,district,hamar_jaab_jab,Mogadishu_Xamar Jabjab,Mogadishu_Xamar Jabjab,Mogadishu_Xamar Jabjab,,banadir,,
874,district,hamar_weyne,Mogadishu_Xamar Weyne,Mogadishu_Xamar Weyne,Mogadishu_Xamar Weyne,,banadir,,
875,district,yaaqshiid,Mogadishu_Yaaqshiid,Mogadishu_Yaaqshiid,Mogadishu_Yaaqshiid,,banadir,,
876,district,bandarbayla,Bandarbayla,Bandarbayla,Bandarbayla,,bari,,
877,district,bossaso,Bossaso,Bossaso,Bossaso,,bari,,
878,district,caluula,Caluula,Caluula,Caluula,,bari,,
879,district,iskushuban,Iskushuban,Iskushuban,Iskushuban,,bari,,
880,district,qandala,Qandala,Qandala,Qandala,,bari,,
881,district,qardho,Qardho,Qardho,Qardho,,bari,,
882,district,baidoa,Baidoa,Baidoa,Baidoa,,bay,,
883,district,buur_hakaba,Buur Hakaba,Buur Hakaba,Buur Hakaba,,bay,,
884,district,diinsoor,Diinsoor,Diinsoor,Diinsoor,,bay,,
885,district,qansax_dheere,Qansax Dheere,Qansax Dheere,Qansax Dheere,,bay,,
886,district,cabudwaaq,Cabudwaaq,Cabudwaaq,Cabudwaaq,,galgaduud,,
887,district,cadaado,Cadaado,Cadaado,Cadaado,,galgaduud,,
888,district,ceel_buur,Ceel Buur,Ceel Buur,Ceel Buur,,galgaduud,,
889,district,ceel_dheer,Ceel Dheer,Ceel Dheer,Ceel Dheer,,galgaduud,,
890,district,dhuusamarreeb,Dhuusamarreeb,Dhuusamarreeb,Dhuusamarreeb,,galgaduud,,
891,district,baardheere,Baardheere,Baardheere,Baardheere,,gedo,,
892,district,belet_xaawo,Belet Xaawo,Belet Xaawo,Belet Xaawo,,gedo,,
893,district,ceel_waaq,Ceel Waaq,Ceel Waaq,Ceel Waaq,,gedo,,
894,district,doolow,Doolow,Doolow,Doolow,,gedo,,
895,district,garbahaarey,Garbahaarey,Garbahaarey,Garbahaarey,,gedo,,
896,district,luuq,Luuq,Luuq,Luuq,,gedo,,
897,district,belet_weyne,Belet Weyne,Belet Weyne,Belet Weyne,,hiraan,,
898,district,bulo_burto,Bulo Burto,Bulo Burto,Bulo Burto,,hiraan,,
899,district,jalalaqsi,Jalalaqsi,Jalalaqsi,Jalalaqsi,,hiraan,,
900,district,afmadow,Afmadow,Afmadow,Afmadow,,lower_juba,,
901,district,badhaadhe,Badhaadhe,Badhaadhe,Badhaadhe,,lower_juba,,
902,district,jamaame,Jamaame,Jamaame,Jamaame,,lower_juba,,
903,district,kismayo,Kismayo,Kismayo,Kismayo,,lower_juba,,
904,district,afgooye,Afgooye,Afgooye,Afgooye,,lower_shabelle,,
905,district,baraawe,Baraawe,Baraawe,Baraawe,,lower_shabelle,,
906,district,kurtunwaarey,Kurtunwaarey,Kurtunwaarey,Kurtunwaarey,,lower_shabelle,,
907,district,marka,Marka,Marka,Marka,,lower_shabelle,,
908,district,qoryooley,Qoryooley,Qoryooley,Qoryooley,,lower_shabelle,,
909,district,sablaale,Sablaale,Sablaale,Sablaale,,lower_shabelle,,
910,district,wanla_weyn,Wanla Weyn,Wanla Weyn,Wanla Weyn,,lower_shabelle,,
911,district,buaale,Buaale,Buaale,Buaale,,middle_juba,,
912,district,jilib,Jilib,Jilib,Jilib,,middle_juba,,
913,district,sakow,Sakow,Sakow,Sakow,,middle_juba,,
914,district,aden_yabaal,Aden Yabaal,Aden Yabaal,Aden Yabaal,,middle_shabelle,,
915,district,balcad,Balcad,Balcad,Balcad,,middle_shabelle,,
916,district,cadale,Cadale,Cadale,Cadale,,middle_shabelle,,
917,district,jowhar,Jowhar,Jowhar,Jowhar,,middle_shabelle,,
918,district,galdogob,Galdogob,Galdogob,Galdogob,,mudug,,
919,district,hobyo,Hobyo,Hobyo,Hobyo,,mudug,,
920,district,jariiban,Jariiban,Jariiban,Jariiban,,mudug,,
921,district,xarardheere,Xarardheere,Xarardheere,Xarardheere,,mudug,,
922,district,burtinle,Burtinle,Burtinle,Burtinle,,nugaal,,
923,district,eyl,Eyl,Eyl,Eyl,,nugaal,,
924,district,garowe,Garowe,Garowe,Garowe,,nugaal,,
925,district,ceel_afweyn,Ceel Afweyn,Ceel Afweyn,Ceel Afweyn,,sanaag,,
926,district,ceerigaabo,Ceerigaabo,Ceerigaabo,Ceerigaabo,,sanaag,,
927,district,laasqoray,Laasqoray,Laasqoray,Laasqoray,,sanaag,,
928,district,caynabo,Caynabo,Caynabo,Caynabo,,sool,,
929,district,laas_caanood,Laas Caanood,Laas Caanood,Laas Caanood,,sool,,
930,district,taleex,Taleex,Taleex,Taleex,,sool,,
931,district,xudun,Xudun,Xudun,Xudun,,sool,,
932,district,burco,Burco,Burco,Burco,,togdheer,,
933,district,buuhoodle,Buuhoodle,Buuhoodle,Buuhoodle,,togdheer,,
934,district,owdweyne,Owdweyne,Owdweyne,Owdweyne,,togdheer,,
935,district,sheikh,Sheikh,Sheikh,Sheikh,,togdheer,,
936,district,berbera,Berbera,Berbera,Berbera,,woqooyi_galbeed,,
937,district,gebiley,Gebiley,Gebiley,Gebiley,,woqooyi_galbeed,,
938,district,hargeysa,Hargeysa,Hargeysa,Hargeysa,,woqooyi_galbeed,,
939,district,mataban,mataban,mataban,mataban,,hiraan,,
940,district,gaalkacyo_north,gaalkacyo_north,gaalkacyo_north,gaalkacyo_north,,mudug,,
941,district,gaalkacyo_south,gaalkacyo_south,gaalkacyo_south,gaalkacyo_south,,mudug,,
942,district,badhan,badhan,badhan,badhan,,sanaag,,
,y_n_dk_not_used,yes,Yes,Haa,,,,,
,y_n_dk_not_used,no,No,No,,,,,
,y_n_dk_not_used,dontknow,Don't know,Magaranayo,,,,,
,y_n_dk_not_used,not_used,Have not used services,Ma isticmaalin Adeegyadaa,,,,,
